Iteration, Estimated
0,1000000000000000000
1,261460
2,87154.1
3,52292.9
4,37352.5
5,29052.2
6,23770.3
7,20113.6
8,17432
9,15381.4
10,13762.5
11,12451.9
12,11369.4
13,10460
14,9685.34
15,9017.55
16,8435.93
17,7924.82
18,7472.13
19,7068.38
20,6706.05
21,6379.07
22,6082.51
23,5812.32
24,5565.13
25,5338.12
26,5128.91
27,4935.51
28,4756.17
29,4589.42
30,4433.98
31,4288.73
32,4152.71
33,4025.06
34,3905.04
35,3791.96
36,3685.24
37,3584.37
38,3488.89
39,3398.36
40,3312.42
41,3230.73
42,3152.98
43,3078.88
44,3008.2
45,2940.69
46,2876.15
47,2814.39
48,2755.23
49,2698.52
50,2644.09
51,2591.82
52,2541.59
53,2493.27
54,2446.75
55,2401.95
56,2358.76
57,2317.1
58,2276.89
59,2238.06
60,2200.53
61,2164.24
62,2129.14
63,2095.16
64,2062.25
65,2030.37
66,1999.46
67,1969.48
68,1940.38
69,1912.14
70,1884.72
71,1858.07
72,1832.17
73,1806.98
74,1782.48
75,1758.64
76,1735.42
77,1712.79
78,1690.75
79,1669.27
80,1648.33
81,1627.91
82,1608
83,1588.57
84,1569.6
85,1551.08
86,1533
87,1515.33
88,1498.07
89,1481.2
90,1464.71
91,1448.58
92,1432.81
93,1417.38
94,1402.27
95,1387.49
96,1373.02
97,1358.85
98,1344.97
99,1331.37
100,1318.05
101,1304.99
102,1292.19
103,1279.64
104,1267.33
105,1255.26
106,1243.41
107,1231.79
108,1220.39
109,1209.2
110,1198.21
111,1187.42
112,1176.83
113,1166.43
114,1156.2
115,1146.16
116,1136.29
117,1126.59
118,1117.06
119,1107.69
120,1098.48
121,1089.41
122,1080.5
123,1071.74
124,1063.11
125,1054.63
126,1046.28
127,1038.07
128,1029.98
129,1022.02
130,1014.18
131,1006.46
132,998.864
133,991.38
134,984.009
135,976.747
136,969.593
137,962.544
138,955.598
139,948.753
140,942.006
141,935.356
142,928.8
143,922.336
144,915.963
145,909.678
146,903.48
147,897.367
148,891.338
149,885.389
150,879.521
151,873.731
152,868.018
153,862.38
154,856.816
155,851.324
156,845.903
157,840.552
158,835.269
159,830.053
160,824.903
161,819.817
162,814.795
163,809.835
164,804.935
165,800.096
166,795.315
167,790.592
168,785.926
169,781.316
170,776.76
171,772.258
172,767.809
173,763.411
174,759.065
175,754.769
176,750.522
177,746.323
178,742.173
179,738.068
180,734.01
181,729.998
182,726.029
183,722.105
184,718.223
185,714.384
186,710.587
187,706.83
188,703.114
189,699.438
190,695.801
191,692.202
192,688.641
193,685.117
194,681.63
195,678.18
196,674.764
197,671.384
198,668.038
199,664.727
200,661.449
201,658.203
202,654.991
203,651.81
204,648.661
205,645.542
206,642.455
207,639.397
208,636.37
209,633.371
210,630.402
211,627.461
212,624.548
213,621.663
214,618.805
215,615.974
216,613.169
217,610.391
218,607.639
219,604.912
220,602.21
221,599.532
222,596.88
223,594.251
224,591.646
225,589.065
226,586.506
227,583.971
228,581.458
229,578.967
230,576.499
231,574.052
232,571.626
233,569.222
234,566.838
235,564.475
236,562.132
237,559.809
238,557.506
239,555.223
240,552.959
241,550.714
242,548.488
243,546.28
244,544.091
245,541.92
246,539.767
247,537.631
248,535.513
249,533.413
250,531.329
251,529.262
252,527.212
253,525.179
254,523.162
255,521.16
256,519.175
257,517.206
258,515.251
259,513.313
260,511.389
261,509.481
262,507.587
263,505.708
264,503.843
265,501.993
266,500.157
267,498.335
268,496.527
269,494.732
270,492.951
271,491.184
272,489.429
273,487.688
274,485.96
275,484.244
276,482.542
277,480.851
278,479.174
279,477.508
280,475.855
281,474.213
282,472.584
283,470.966
284,469.36
285,467.765
286,466.182
287,464.61
288,463.049
289,461.499
290,459.96
291,458.432
292,456.915
293,455.408
294,453.912
295,452.426
296,450.95
297,449.485
298,448.029
299,446.584
300,445.148
301,443.722
302,442.306
303,440.899
304,439.502
305,438.115
306,436.736
307,435.367
308,434.007
309,432.656
310,431.313
311,429.98
312,428.656
313,427.34
314,426.032
315,424.734
316,423.443
317,422.161
318,420.888
319,419.622
320,418.365
321,417.116
322,415.874
323,414.641
324,413.415
325,412.197
326,410.987
327,409.785
328,408.59
329,407.402
330,406.222
331,405.049
332,403.884
333,402.725
334,401.574
335,400.43
336,399.293
337,398.163
338,397.04
339,395.923
340,394.814
341,393.711
342,392.614
343,391.525
344,390.442
345,389.365
346,388.295
347,387.231
348,386.173
349,385.122
350,384.077
351,383.038
352,382.005
353,380.978
354,379.958
355,378.943
356,377.934
357,376.931
358,375.933
359,374.942
360,373.956
361,372.976
362,372.001
363,371.032
364,370.069
365,369.111
366,368.158
367,367.211
368,366.269
369,365.332
370,364.401
371,363.475
372,362.554
373,361.638
374,360.727
375,359.822
376,358.921
377,358.025
378,357.134
379,356.248
380,355.367
381,354.491
382,353.619
383,352.753
384,351.89
385,351.033
386,350.18
387,349.332
388,348.488
389,347.649
390,346.815
391,345.984
392,345.158
393,344.337
394,343.52
395,342.707
396,341.899
397,341.094
398,340.294
399,339.499
400,338.707
401,337.919
402,337.136
403,336.356
404,335.581
405,334.81
406,334.042
407,333.279
408,332.519
409,331.763
410,331.012
411,330.264
412,329.519
413,328.779
414,328.042
415,327.309
416,326.58
417,325.854
418,325.132
419,324.414
420,323.699
421,322.988
422,322.28
423,321.576
424,320.875
425,320.178
426,319.484
427,318.794
428,318.107
429,317.423
430,316.743
431,316.066
432,315.392
433,314.722
434,314.054
435,313.39
436,312.73
437,312.072
438,311.418
439,310.766
440,310.118
441,309.473
442,308.831
443,308.192
444,307.556
445,306.923
446,306.293
447,305.666
448,305.042
449,304.421
450,303.802
451,303.187
452,302.575
453,301.965
454,301.358
455,300.754
456,300.153
457,299.555
458,298.959
459,298.366
460,297.776
461,297.188
462,296.603
463,296.021
464,295.442
465,294.865
466,294.29
467,293.719
468,293.15
469,292.583
470,292.019
471,291.458
472,290.899
473,290.342
474,289.788
475,289.237
476,288.688
477,288.141
478,287.597
479,287.055
480,286.515
481,285.978
482,285.444
483,284.911
484,284.381
485,283.853
486,283.328
487,282.805
488,282.284
489,281.765
490,281.249
491,280.735
492,280.223
493,279.713
494,279.205
495,278.7
496,278.197
497,277.695
498,277.196
499,276.699
500,276.205
501,275.712
502,275.221
503,274.733
504,274.246
505,273.762
506,273.279
507,272.799
508,272.32
509,271.844
510,271.369
511,270.897
512,270.426
513,269.958
514,269.491
515,269.026
516,268.563
517,268.102
518,267.643
519,267.186
520,266.73
521,266.277
522,265.825
523,265.375
524,264.927
525,264.481
526,264.036
527,263.594
528,263.153
529,262.713
530,262.276
531,261.84
532,261.406
533,260.974
534,260.544
535,260.115
536,259.688
537,259.262
538,258.838
539,258.416
540,257.996
541,257.577
542,257.159
543,256.744
544,256.33
545,255.917
546,255.506
547,255.097
548,254.689
549,254.283
550,253.879
551,253.476
552,253.074
553,252.674
554,252.276
555,251.879
556,251.483
557,251.089
558,250.697
559,250.306
560,249.916
561,249.528
562,249.141
563,248.756
564,248.372
565,247.99
566,247.609
567,247.23
568,246.851
569,246.475
570,246.099
571,245.725
572,245.338
573,244.952
574,244.568
575,244.185
576,243.804
577,243.424
578,243.045
579,242.668
580,242.292
581,241.917
582,241.544
583,241.172
584,240.801
585,240.431
586,240.063
587,239.696
588,239.331
589,238.966
590,238.603
591,238.241
592,237.881
593,237.522
594,237.163
595,236.807
596,236.451
597,236.097
598,235.743
599,235.391
600,235.041
601,234.691
602,234.343
603,233.995
604,233.649
605,233.304
606,232.961
607,232.618
608,232.276
609,231.936
610,231.597
611,231.259
612,230.922
613,230.586
614,230.251
615,229.918
616,229.585
617,229.254
618,228.924
619,228.594
620,228.266
621,227.939
622,227.613
623,227.288
624,226.964
625,226.641
626,226.319
627,225.998
628,225.678
629,225.36
630,225.042
631,224.725
632,224.409
633,224.095
634,223.781
635,223.468
636,223.156
637,222.845
638,222.536
639,222.227
640,221.919
641,221.612
642,221.306
643,221.001
644,220.697
645,220.393
646,220.091
647,219.79
648,219.489
649,219.19
650,218.891
651,218.594
652,218.297
653,218.001
654,217.706
655,217.412
656,217.119
657,216.826
658,216.535
659,216.244
660,215.955
661,215.666
662,215.378
663,215.09
664,214.804
665,214.519
666,214.234
667,213.95
668,213.667
669,213.385
670,213.104
671,212.823
672,212.543
673,212.265
674,211.986
675,211.709
676,211.433
677,211.157
678,210.882
679,210.608
680,210.334
681,210.062
682,209.79
683,209.519
684,209.249
685,208.979
686,208.71
687,208.442
688,208.175
689,207.908
690,207.642
691,207.377
692,207.113
693,206.849
694,206.586
695,206.324
696,206.063
697,205.802
698,205.542
699,205.282
700,205.024
701,204.766
702,204.508
703,204.252
704,203.996
705,203.741
706,203.486
707,203.232
708,202.979
709,202.726
710,202.474
711,202.223
712,201.968
713,201.686
714,201.405
715,201.126
716,200.847
717,200.568
718,200.291
719,200.014
720,199.738
721,199.463
722,199.188
723,198.915
724,198.642
725,198.37
726,198.099
727,197.828
728,197.558
729,197.289
730,197.021
731,196.753
732,196.487
733,196.22
734,195.955
735,195.691
736,195.427
737,195.164
738,194.901
739,194.639
740,194.379
741,194.118
742,193.859
743,193.6
744,193.342
745,193.084
746,192.828
747,192.572
748,192.316
749,192.062
750,191.808
751,191.555
752,191.302
753,191.05
754,190.799
755,190.549
756,190.299
757,190.05
758,189.801
759,189.553
760,189.306
761,189.06
762,188.814
763,188.568
764,188.324
765,188.08
766,187.837
767,187.594
768,187.352
769,187.111
770,186.87
771,186.63
772,186.391
773,186.152
774,185.914
775,185.676
776,185.439
777,185.203
778,184.967
779,184.732
780,184.498
781,184.264
782,184.031
783,183.798
784,183.566
785,183.335
786,183.104
787,182.874
788,182.644
789,182.415
790,182.186
791,181.958
792,181.731
793,181.504
794,181.278
795,181.053
796,180.828
797,180.603
798,180.379
799,180.156
800,179.933
801,179.711
802,179.49
803,179.269
804,179.048
805,178.828
806,178.609
807,178.39
808,178.172
809,177.954
810,177.737
811,177.52
812,177.304
813,177.088
814,176.873
815,176.659
816,176.445
817,176.231
818,176.018
819,175.806
820,175.594
821,175.382
822,175.171
823,174.961
824,174.751
825,174.542
826,174.333
827,174.125
828,173.917
829,173.71
830,173.503
831,173.296
832,173.09
833,172.885
834,172.68
835,172.475
836,172.271
837,172.067
838,171.864
839,171.661
840,171.459
841,171.257
842,171.056
843,170.855
844,170.655
845,170.455
846,170.256
847,170.057
848,169.859
849,169.661
850,169.463
851,169.266
852,169.07
853,168.874
854,168.678
855,168.483
856,168.288
857,168.094
858,167.9
859,167.707
860,167.514
861,167.321
862,167.129
863,166.938
864,166.746
865,166.556
866,166.365
867,166.175
868,165.986
869,165.797
870,165.608
871,165.42
872,165.233
873,165.045
874,164.858
875,164.672
876,164.486
877,164.3
878,164.115
879,163.93
880,163.746
881,163.562
882,163.378
883,163.195
884,163.012
885,162.83
886,162.648
887,162.466
888,162.285
889,162.104
890,161.924
891,161.744
892,161.564
893,161.385
894,161.206
895,161.028
896,160.85
897,160.672
898,160.495
899,160.318
900,160.142
901,159.966
902,159.79
903,159.614
904,159.439
905,159.265
906,159.091
907,158.917
908,158.743
909,158.57
910,158.397
911,158.225
912,158.053
913,157.881
914,157.71
915,157.539
916,157.368
917,157.198
918,157.028
919,156.858
920,156.689
921,156.52
922,156.351
923,156.183
924,156.015
925,155.848
926,155.681
927,155.514
928,155.347
929,155.181
930,155.015
931,154.85
932,154.685
933,154.52
934,154.356
935,154.191
936,154.028
937,153.864
938,153.701
939,153.538
940,153.376
941,153.213
942,153.051
943,152.89
944,152.729
945,152.568
946,152.407
947,152.247
948,152.087
949,151.927
950,151.768
951,151.609
952,151.45
953,151.291
954,151.133
955,150.975
956,150.818
957,150.661
958,150.504
959,150.347
960,150.191
961,150.035
962,149.879
963,149.723
964,149.568
965,149.413
966,149.259
967,149.104
968,148.95
969,148.797
970,148.643
971,148.49
972,148.337
973,148.185
974,148.032
975,147.88
976,147.729
977,147.577
978,147.426
979,147.275
980,147.124
981,146.974
982,146.824
983,146.674
984,146.524
985,146.375
986,146.226
987,146.077
988,145.929
989,145.78
990,145.633
991,145.485
992,145.337
993,145.19
994,145.043
995,144.897
996,144.75
997,144.604
998,144.458
999,144.312
1000,144.167
1001,144.022
1002,143.877
1003,143.732
1004,143.588
1005,143.444
1006,143.3
1007,143.156
1008,143.013
1009,142.869
1010,142.726
1011,142.584
1012,142.441
1013,142.299
1014,142.157
1015,142.015
1016,141.874
1017,141.732
1018,141.591
1019,141.45
1020,141.31
1021,141.17
1022,141.029
1023,140.889
1024,140.75
1025,140.61
1026,140.471
1027,140.332
1028,140.193
1029,140.055
1030,139.917
1031,139.778
1032,139.641
1033,139.503
1034,139.365
1035,139.228
1036,139.091
1037,138.954
1038,138.818
1039,138.681
1040,138.545
1041,138.409
1042,138.274
1043,138.138
1044,138.003
1045,137.868
1046,137.733
1047,137.598
1048,137.464
1049,137.329
1050,137.195
1051,137.061
1052,136.927
1053,136.793
1054,136.66
1055,136.527
1056,136.394
1057,136.261
1058,136.128
1059,135.996
1060,135.863
1061,135.731
1062,135.599
1063,135.468
1064,135.336
1065,135.205
1066,135.074
1067,134.943
1068,134.812
1069,134.682
1070,134.552
1071,134.421
1072,134.292
1073,134.162
1074,134.032
1075,133.903
1076,133.774
1077,133.645
1078,133.516
1079,133.387
1080,133.259
1081,133.13
1082,133.002
1083,132.874
1084,132.747
1085,132.619
1086,132.492
1087,132.365
1088,132.238
1089,132.111
1090,131.984
1091,131.858
1092,131.731
1093,131.605
1094,131.479
1095,131.353
1096,131.228
1097,131.102
1098,130.977
1099,130.852
1100,130.727
1101,130.602
1102,130.478
1103,130.353
1104,130.229
1105,130.105
1106,129.981
1107,129.857
1108,129.734
1109,129.61
1110,129.487
1111,129.364
1112,129.241
1113,129.118
1114,128.996
1115,128.873
1116,128.751
1117,128.629
1118,128.507
1119,128.385
1120,128.263
1121,128.142
1122,128.02
1123,127.899
1124,127.778
1125,127.657
1126,127.537
1127,127.416
1128,127.296
1129,127.175
1130,127.055
1131,126.935
1132,126.816
1133,126.696
1134,126.576
1135,126.457
1136,126.338
1137,126.219
1138,126.1
1139,125.981
1140,125.863
1141,125.744
1142,125.626
1143,125.508
1144,125.39
1145,125.272
1146,125.154
1147,125.037
1148,124.919
1149,124.802
1150,124.685
1151,124.568
1152,124.451
1153,124.335
1154,124.218
1155,124.102
1156,123.985
1157,123.869
1158,123.753
1159,123.637
1160,123.519
1161,123.394
1162,123.27
1163,123.146
1164,123.022
1165,122.898
1166,122.775
1167,122.652
1168,122.528
1169,122.406
1170,122.283
1171,122.16
1172,122.038
1173,121.916
1174,121.794
1175,121.672
1176,121.551
1177,121.43
1178,121.309
1179,121.188
1180,121.067
1181,120.946
1182,120.826
1183,120.706
1184,120.585
1185,120.466
1186,120.346
1187,120.227
1188,120.107
1189,119.988
1190,119.869
1191,119.751
1192,119.632
1193,119.514
1194,119.396
1195,119.278
1196,119.161
1197,119.044
1198,118.926
1199,118.809
1200,118.693
1201,118.576
1202,118.46
1203,118.344
1204,118.228
1205,118.112
1206,117.997
1207,117.881
1208,117.766
1209,117.652
1210,117.537
1211,117.423
1212,117.308
1213,117.194
1214,117.081
1215,116.967
1216,116.854
1217,116.741
1218,116.628
1219,116.515
1220,116.403
1221,116.291
1222,116.179
1223,116.067
1224,115.956
1225,115.844
1226,115.733
1227,115.622
1228,115.512
1229,115.402
1230,115.292
1231,115.182
1232,115.072
1233,114.963
1234,114.854
1235,114.745
1236,114.636
1237,114.528
1238,114.419
1239,114.312
1240,114.204
1241,114.096
1242,113.989
1243,113.882
1244,113.776
1245,113.669
1246,113.563
1247,113.457
1248,113.352
1249,113.247
1250,113.141
1251,113.037
1252,112.932
1253,112.828
1254,112.724
1255,112.62
1256,112.517
1257,112.414
1258,112.311
1259,112.208
1260,112.106
1261,112.004
1262,111.902
1263,111.801
1264,111.7
1265,111.599
1266,111.499
1267,111.399
1268,111.299
1269,111.199
1270,111.1
1271,111.001
1272,110.902
1273,110.804
1274,110.706
1275,110.609
1276,110.511
1277,110.415
1278,110.318
1279,110.222
1280,110.126
1281,110.03
1282,109.935
1283,109.841
1284,109.746
1285,109.652
1286,109.558
1287,109.465
1288,109.372
1289,109.28
1290,109.188
1291,109.096
1292,109.005
1293,108.914
1294,108.823
1295,108.733
1296,108.644
1297,108.554
1298,108.466
1299,108.377
1300,108.289
1301,108.202
1302,108.115
1303,108.029
1304,107.943
1305,107.857
1306,107.772
1307,107.687
1308,107.603
1309,107.52
1310,107.437
1311,107.354
1312,107.272
1313,107.19
1314,107.11
1315,107.029
1316,106.949
1317,106.87
1318,106.791
1319,106.713
1320,106.636
1321,106.559
1322,106.482
1323,106.406
1324,106.331
1325,106.257
1326,106.175
1327,106.082
1328,105.99
1329,105.898
1330,105.806
1331,105.714
1332,105.622
1333,105.531
1334,105.44
1335,105.349
1336,105.258
1337,105.167
1338,105.076
1339,104.986
1340,104.896
1341,104.806
1342,104.716
1343,104.627
1344,104.538
1345,104.448
1346,104.36
1347,104.271
1348,104.182
1349,104.094
1350,104.006
1351,103.918
1352,103.83
1353,103.743
1354,103.656
1355,103.569
1356,103.482
1357,103.396
1358,103.309
1359,103.223
1360,103.137
1361,103.052
1362,102.966
1363,102.881
1364,102.796
1365,102.712
1366,102.627
1367,102.543
1368,102.459
1369,102.376
1370,102.292
1371,102.209
1372,102.126
1373,102.044
1374,101.962
1375,101.88
1376,101.798
1377,101.716
1378,101.635
1379,101.554
1380,101.474
1381,101.393
1382,101.313
1383,101.234
1384,101.154
1385,101.075
1386,100.996
1387,100.918
1388,100.84
1389,100.762
1390,100.684
1391,100.607
1392,100.53
1393,100.453
1394,100.377
1395,100.301
1396,100.226
1397,100.151
1398,100.076
1399,100.001
1400,99.9273
1401,99.8536
1402,99.7803
1403,99.7073
1404,99.6347
1405,99.5626
1406,99.4908
1407,99.4194
1408,99.3484
1409,99.2778
1410,99.2076
1411,99.1378
1412,99.0685
1413,98.9996
1414,98.9311
1415,98.863
1416,98.7955
1417,98.7283
1418,98.6616
1419,98.5954
1420,98.5296
1421,98.4643
1422,98.3995
1423,98.3352
1424,98.2714
1425,98.208
1426,98.1452
1427,98.0829
1428,98.0211
1429,97.9598
1430,97.899
1431,97.8388
1432,97.7791
1433,97.72
1434,97.6614
1435,97.6033
1436,97.5458
1437,97.4889
1438,97.4326
1439,97.3768
1440,97.3217
1441,97.2671
1442,97.2132
1443,97.1599
1444,97.1072
1445,97.0551
1446,97.0037
1447,96.953
1448,96.9029
1449,96.8534
1450,96.8047
1451,96.7566
1452,96.7092
1453,96.6625
1454,96.6165
1455,96.5711
1456,96.5265
1457,96.4826
1458,96.4393
1459,96.3968
1460,96.3551
1461,96.3141
1462,96.2739
1463,96.2344
1464,96.1957
1465,96.1579
1466,96.1208
1467,96.0845
1468,96.0491
1469,96.0145
1470,95.9807
1471,95.9477
1472,95.8822
1473,95.8061
1474,95.7302
1475,95.5731
1476,95.2488
1477,94.9433
1478,94.6572
1479,94.3916
1480,94.1477
1481,93.9266
1482,93.7299
1483,93.5594
1484,93.417
1485,93.3051
1486,93.2265
1487,93.1843
1488,93.1824
1489,93.225
1490,93.3174
1491,93.4656
1492,93.6767
1493,93.9591
1494,94.2927
1495,94.225
1496,94.1578
1497,94.0777
1498,93.9969
1499,93.9164
1500,93.8361
1501,93.756
1502,93.6761
1503,93.5965
1504,93.5171
1505,93.438
1506,93.3591
1507,93.2805
1508,93.2022
1509,93.1241
1510,93.0463
1511,92.9688
1512,92.8915
1513,92.8146
1514,92.738
1515,92.6616
1516,92.5856
1517,92.5099
1518,92.4345
1519,92.3594
1520,92.2846
1521,92.2103
1522,92.1362
1523,92.0625
1524,91.9892
1525,91.9162
1526,91.8436
1527,91.7714
1528,91.6995
1529,91.6281
1530,91.5571
1531,91.4865
1532,91.4162
1533,91.3465
1534,91.2771
1535,91.2082
1536,91.1398
1537,91.0718
1538,91.0042
1539,90.9372
1540,90.8706
1541,90.8045
1542,90.7389
1543,90.6738
1544,90.6093
1545,90.5452
1546,90.4817
1547,90.4188
1548,90.3563
1549,90.2945
1550,90.2332
1551,90.1725
1552,90.1124
1553,90.053
1554,89.9941
1555,89.9358
1556,89.8782
1557,89.8212
1558,89.7649
1559,89.7092
1560,89.6542
1561,89.5999
1562,89.5463
1563,89.4934
1564,89.4412
1565,89.3897
1566,89.339
1567,89.2696
1568,88.7426
1569,88.2561
1570,87.8109
1571,87.4078
1572,87.0476
1573,86.7314
1574,86.4603
1575,86.2358
1576,86.0595
1577,85.9333
1578,85.8595
1579,85.8407
1580,85.88
1581,85.9807
1582,86.147
1583,86.3835
1584,86.6955
1585,87.089
1586,87.5421
1587,87.6614
1588,87.8511
1589,88.1165
1590,88.1561
1591,88.1101
1592,86.8052
1593,84.6536
1594,82.8863
1595,81.4528
1596,80.3116
1597,79.4281
1598,78.7743
1599,78.3274
1600,78.0694
1601,77.9859
1602,78.0656
1603,78.3005
1604,78.6847
1605,79.2145
1606,79.8878
1607,80.7046
1608,81.6658
1609,82.774
1610,84.0327
1611,85.4467
1612,86.6756
1613,86.4203
1614,86.3149
1615,86.3825
1616,86.6528
1617,87.1647
1618,87.2319
1619,87.215
1620,87.1993
1621,87.185
1622,87.172
1623,87.1603
1624,87.15
1625,87.141
1626,87.1334
1627,87.1272
1628,87.1225
1629,87.108
1630,87.0623
1631,87.0169
1632,86.9719
1633,86.9272
1634,86.8829
1635,86.8341
1636,86.4106
1637,86.1029
1638,85.9072
1639,85.821
1640,85.8427
1641,85.9718
1642,86.2083
1643,86.5015
1644,86.461
1645,86.4211
1646,86.3815
1647,86.0675
1648,85.2081
1649,84.6487
1650,84.3431
1651,84.2588
1652,84.3736
1653,84.6741
1654,84.8042
1655,84.4502
1656,84.1414
1657,83.8782
1658,83.6611
1659,83.4905
1660,83.367
1661,83.2915
1662,83.2647
1663,83.2876
1664,83.3612
1665,82.931
1666,82.4887
1667,82.1004
1668,81.7657
1669,81.4849
1670,81.2584
1671,81.0869
1672,80.9718
1673,80.9144
1674,80.9167
1675,80.9811
1676,81.1103
1677,81.3077
1678,81.5771
1679,81.9229
1680,82.3502
1681,82.865
1682,83.2771
1683,83.1782
1684,83.0948
1685,82.6512
1686,82.2547
1687,81.913
1688,81.6277
1689,81.4015
1690,81.2386
1691,81.1449
1692,81.1286
1693,81.2007
1694,81.3757
1695,81.6725
1696,82.116
1697,82.739
1698,83.5843
1699,83.8811
1700,83.8103
1701,83.7411
1702,83.6732
1703,83.6067
1704,83.5415
1705,83.4776
1706,83.4149
1707,83.3535
1708,83.2932
1709,83.234
1710,83.1759
1711,83.1189
1712,83.0628
1713,83.0078
1714,82.9536
1715,82.9004
1716,82.8481
1717,82.7966
1718,82.7458
1719,82.2182
1720,81.5387
1721,80.7155
1722,79.9651
1723,79.3523
1724,78.8635
1725,78.4867
1726,78.0476
1727,77.5676
1728,77.1183
1729,76.7005
1730,76.3154
1731,75.9646
1732,75.6497
1733,75.3729
1734,75.1367
1735,74.9441
1736,74.7986
1737,74.704
1738,74.665
1739,74.6866
1740,74.7749
1741,74.9367
1742,75.1796
1743,75.5126
1744,75.946
1745,76.4913
1746,77.162
1747,77.9736
1748,78.9439
1749,80.0935
1750,81.3882
1751,81.3504
1752,81.3128
1753,81.2753
1754,81.2379
1755,81.2006
1756,81.1634
1757,81.1263
1758,81.0893
1759,81.0524
1760,81.0156
1761,80.9788
1762,80.9421
1763,80.9055
1764,80.8689
1765,80.8324
1766,80.7959
1767,80.7595
1768,80.7231
1769,80.6868
1770,80.6505
1771,80.6142
1772,80.578
1773,80.5263
1774,80.4394
1775,80.2931
1776,80.0898
1777,80.0396
1778,80.1104
1779,80.0328
1780,79.957
1781,79.883
1782,79.8108
1783,79.7405
1784,79.672
1785,79.5884
1786,79.5405
1787,79.4774
1788,79.4161
1789,79.3567
1790,78.5541
1791,77.6827
1792,76.8819
1793,76.1416
1794,75.4534
1795,74.8101
1796,74.2059
1797,73.6361
1798,73.0969
1799,72.5853
1800,72.0992
1801,71.6369
1802,71.1973
1803,70.7797
1804,70.3838
1805,70.0095
1806,69.657
1807,69.3264
1808,69.0179
1809,68.7319
1810,68.4687
1811,68.2289
1812,68.0128
1813,67.8205
1814,67.6522
1815,67.5075
1816,67.3863
1817,67.2882
1818,67.2125
1819,67.1589
1820,67.1264
1821,67.1145
1822,67.1223
1823,67.1492
1824,67.1944
1825,67.2574
1826,67.3379
1827,67.4358
1828,67.5515
1829,67.6859
1830,67.8404
1831,68.0176
1832,68.2208
1833,68.4549
1834,68.7262
1835,69.0432
1836,69.4168
1837,69.8609
1838,70.393
1839,71.0353
1840,71.8154
1841,72.7676
1842,73.2568
1843,73.1444
1844,73.0506
1845,72.9734
1846,72.9112
1847,72.8632
1848,72.8291
1849,72.8091
1850,72.8043
1851,72.8161
1852,72.8469
1853,72.8995
1854,72.9772
1855,73.0843
1856,73.2253
1857,73.4055
1858,73.6309
1859,73.9078
1860,74.2433
1861,74.6452
1862,75.1218
1863,75.6821
1864,76.3359
1865,76.3206
1866,76.2679
1867,76.2156
1868,76.1636
1869,76.1119
1870,76.0606
1871,76.0097
1872,75.9591
1873,75.9088
1874,75.8588
1875,75.8092
1876,75.7598
1877,75.7107
1878,75.6619
1879,75.6134
1880,75.5651
1881,75.5171
1882,75.4694
1883,75.4219
1884,75.3747
1885,75.297
1886,75.1901
1887,75.0842
1888,74.9794
1889,74.8757
1890,74.7732
1891,74.6718
1892,74.5715
1893,74.4724
1894,74.3745
1895,74.2778
1896,74.1822
1897,74.0879
1898,73.9948
1899,73.9029
1900,73.8123
1901,73.7229
1902,73.6347
1903,73.5478
1904,73.4622
1905,73.3778
1906,73.2947
1907,73.2129
1908,73.1324
1909,73.0531
1910,72.9752
1911,72.8985
1912,72.8231
1913,72.749
1914,72.6763
1915,72.6047
1916,72.5345
1917,72.4656
1918,72.398
1919,72.3316
1920,72.2665
1921,72.2027
1922,72.1402
1923,72.0789
1924,72.0189
1925,71.9602
1926,71.9027
1927,71.8465
1928,71.7914
1929,71.7376
1930,71.685
1931,71.6336
1932,71.5835
1933,71.5345
1934,71.4867
1935,71.4401
1936,71.3946
1937,71.3503
1938,71.3072
1939,71.2651
1940,71.2242
1941,71.1844
1942,71.1457
1943,71.108
1944,71.0714
1945,71.0359
1946,71.0014
1947,70.9679
1948,70.9355
1949,70.904
1950,70.8735
1951,70.844
1952,70.8155
1953,70.7879
1954,70.7612
1955,70.7355
1956,70.4516
1957,69.7216
1958,69.0942
1959,68.5546
1960,68.0905
1961,67.692
1962,67.3507
1963,67.0598
1964,66.8137
1965,66.6078
1966,66.4383
1967,66.3022
1968,66.1971
1969,66.1213
1970,66.0733
1971,66.0523
1972,66.0577
1973,66.0897
1974,66.1483
1975,66.2344
1976,66.3489
1977,66.4934
1978,66.6695
1979,66.8796
1980,67.1263
1981,67.4127
1982,67.7425
1983,68.1196
1984,68.5487
1985,69.0349
1986,69.5839
1987,70.2019
1988,70.3034
1989,70.3004
1990,70.2978
1991,70.2957
1992,70.294
1993,70.2928
1994,70.292
1995,70.2916
1996,70.2916
1997,70.292
1998,70.2929
1999,70.2941
2000,70.2958
2001,70.2978
2002,70.3002
2003,70.303
2004,70.3062
2005,70.3097
2006,70.3137
2007,70.3179
2008,70.3226
2009,70.3276
2010,70.333
2011,70.3387
2012,70.3448
2013,70.3512
2014,70.358
2015,70.3651
2016,70.3726
2017,70.3804
2018,70.3886
2019,70.3971
2020,70.406
2021,70.3492
2022,69.3759
2023,68.588
2024,67.9606
2025,67.4737
2026,67.1112
2027,66.8603
2028,66.7112
2029,66.6565
2030,66.6911
2031,66.8118
2032,67.0174
2033,66.8388
2034,66.448
2035,66.0658
2036,65.6928
2037,65.3291
2038,64.975
2039,64.6307
2040,64.2962
2041,63.9714
2042,63.6561
2043,63.3502
2044,63.0536
2045,62.7658
2046,62.4868
2047,62.2163
2048,61.9539
2049,61.6995
2050,61.4527
2051,61.2134
2052,60.9814
2053,60.7565
2054,60.5384
2055,60.3272
2056,60.1226
2057,59.9244
2058,59.7327
2059,59.5473
2060,59.3682
2061,59.1951
2062,59.0282
2063,58.8673
2064,58.7124
2065,58.5634
2066,58.4202
2067,58.2828
2068,58.1511
2069,58.025
2070,57.9043
2071,57.7892
2072,57.6793
2073,57.5747
2074,57.4751
2075,57.3805
2076,57.2908
2077,57.2057
2078,57.1252
2079,57.049
2080,56.9771
2081,56.9092
2082,56.8452
2083,56.7848
2084,56.728
2085,56.6745
2086,56.624
2087,56.5765
2088,56.5317
2089,56.4894
2090,56.4493
2091,56.4114
2092,56.3753
2093,56.3409
2094,56.308
2095,56.2763
2096,56.2457
2097,56.2159
2098,56.1867
2099,56.158
2100,56.1296
2101,56.1012
2102,56.0726
2103,56.0438
2104,56.0145
2105,55.9846
2106,55.9539
2107,55.9223
2108,55.8897
2109,55.8559
2110,55.8208
2111,55.7843
2112,55.7465
2113,55.7072
2114,55.6663
2115,55.6238
2116,55.5798
2117,55.5342
2118,55.487
2119,55.4383
2120,55.3882
2121,55.3366
2122,55.2836
2123,55.2294
2124,55.1741
2125,55.1177
2126,55.0604
2127,55.0023
2128,54.9436
2129,54.8844
2130,54.8248
2131,54.765
2132,54.7051
2133,54.6454
2134,54.5859
2135,54.5268
2136,54.4682
2137,54.4103
2138,54.3533
2139,54.2974
2140,54.2426
2141,54.1891
2142,54.1369
2143,54.0863
2144,54.0372
2145,53.9899
2146,53.9442
2147,53.9004
2148,53.8584
2149,53.8183
2150,53.7803
2151,53.7442
2152,53.7102
2153,53.6782
2154,53.6484
2155,53.6207
2156,53.5951
2157,53.5718
2158,53.5506
2159,53.5316
2160,53.5148
2161,53.5003
2162,53.488
2163,53.478
2164,53.4704
2165,53.4651
2166,53.4622
2167,53.4617
2168,53.4637
2169,53.4682
2170,53.4753
2171,53.485
2172,53.4974
2173,53.5126
2174,53.5306
2175,53.5515
2176,53.5755
2177,53.6025
2178,53.6326
2179,53.666
2180,53.7026
2181,53.7427
2182,53.7862
2183,53.8331
2184,53.8835
2185,53.9375
2186,53.995
2187,54.0558
2188,54.1201
2189,54.1875
2190,54.2581
2191,54.3314
2192,54.4072
2193,54.4853
2194,54.5651
2195,54.6462
2196,54.7279
2197,54.8098
2198,54.8911
2199,54.971
2200,55.0487
2201,55.1235
2202,55.1945
2203,55.2608
2204,55.3217
2205,55.3764
2206,55.4243
2207,55.4646
2208,55.497
2209,55.5211
2210,55.5368
2211,55.5438
2212,55.5425
2213,55.5329
2214,55.5155
2215,55.4909
2216,55.4595
2217,55.4222
2218,55.3797
2219,55.3327
2220,55.2822
2221,55.2288
2222,55.1734
2223,55.1167
2224,55.0595
2225,55.0023
2226,54.9457
2227,54.8903
2228,54.8364
2229,54.7845
2230,54.7348
2231,54.6876
2232,54.643
2233,54.6013
2234,54.5624
2235,54.5264
2236,54.4934
2237,54.4633
2238,54.4362
2239,54.4118
2240,54.3902
2241,54.3713
2242,54.355
2243,54.3412
2244,54.3297
2245,54.3205
2246,54.3134
2247,54.3084
2248,54.3053
2249,54.3041
2250,54.3045
2251,54.3066
2252,54.3102
2253,54.3153
2254,54.3217
2255,54.3293
2256,54.3382
2257,54.3481
2258,54.3591
2259,54.3711
2260,54.3839
2261,54.3976
2262,54.4121
2263,54.4274
2264,54.4433
2265,54.4599
2266,54.4771
2267,54.4949
2268,54.5132
2269,54.532
2270,54.5512
2271,54.5709
2272,54.5909
2273,54.6114
2274,54.6322
2275,54.6533
2276,54.6747
2277,54.6964
2278,54.7184
2279,54.7406
2280,54.763
2281,54.7857
2282,54.8085
2283,54.8315
2284,54.8544
2285,54.8775
2286,54.9006
2287,54.9238
2288,54.9471
2289,54.9704
2290,54.9938
2291,55.0172
2292,55.0407
2293,55.0642
2294,55.0878
2295,55.1114
2296,55.135
2297,55.1587
2298,55.1825
2299,55.2062
2300,55.23
2301,55.2539
2302,55.2777
2303,55.3016
2304,55.3256
2305,55.3495
2306,55.3735
2307,55.3974
2308,55.4214
2309,55.4455
2310,55.4695
2311,55.4935
2312,55.5176
2313,55.5417
2314,55.5657
2315,55.5898
2316,55.6139
2317,55.638
2318,55.6621
2319,55.6862
2320,55.7103
2321,55.7343
2322,55.7584
2323,55.7825
2324,55.8066
2325,55.8307
2326,55.8548
2327,55.8789
2328,55.9029
2329,55.927
2330,55.9511
2331,55.9751
2332,55.9991
2333,56.0232
2334,56.0472
2335,56.0712
2336,56.0952
2337,56.1192
2338,56.1432
2339,56.1671
2340,56.1911
2341,56.215
2342,56.239
2343,56.2629
2344,56.2868
2345,56.3107
2346,56.3345
2347,56.3584
2348,56.3822
2349,56.406
2350,56.4298
2351,56.4536
2352,56.4774
2353,56.5012
2354,56.5249
2355,56.5487
2356,56.5724
2357,56.5961
2358,56.6198
2359,56.6435
2360,56.6671
2361,56.6908
2362,56.7144
2363,56.738
2364,56.7616
2365,56.7852
2366,56.8088
2367,56.8323
2368,56.8559
2369,56.8794
2370,56.9029
2371,56.9264
2372,56.9499
2373,56.9734
2374,56.9968
2375,57.0203
2376,57.0437
2377,57.0672
2378,57.0906
2379,57.114
2380,57.1374
2381,57.1607
2382,57.1841
2383,57.2075
2384,57.2308
2385,57.2541
2386,57.2775
2387,57.3008
2388,57.3241
2389,57.3474
2390,57.3707
2391,57.3939
2392,57.4172
2393,57.4405
2394,57.4637
2395,57.487
2396,57.5102
2397,57.5334
2398,57.5566
2399,57.5798
2400,57.603
2401,57.6262
2402,57.6493
2403,57.6725
2404,57.6956
2405,57.7188
2406,57.7419
2407,57.765
2408,57.7881
2409,57.8112
2410,57.8343
2411,57.8574
2412,57.8805
2413,57.9035
2414,57.9266
2415,57.9497
2416,57.9727
2417,57.9957
2418,58.0188
2419,58.0418
2420,58.0648
2421,58.0878
2422,58.1109
2423,58.1339
2424,58.1569
2425,58.1799
2426,58.2029
2427,58.2259
2428,58.2489
2429,58.2719
2430,58.2948
2431,58.3178
2432,58.3408
2433,58.3638
2434,58.3867
2435,58.4097
2436,58.4327
2437,58.4556
2438,58.4786
2439,58.5015
2440,58.5245
2441,58.5475
2442,58.5704
2443,58.5933
2444,58.6163
2445,58.6392
2446,58.6622
2447,58.6851
2448,58.7081
2449,58.731
2450,58.7539
2451,58.7769
2452,58.7998
2453,58.8227
2454,58.8457
2455,58.8686
2456,58.8915
2457,58.9144
2458,58.9373
2459,58.9603
2460,58.9431
2461,58.9078
2462,58.8729
2463,58.8385
2464,58.8044
2465,58.7708
2466,58.7375
2467,58.7047
2468,58.6722
2469,58.6401
2470,58.6083
2471,58.5769
2472,58.5458
2473,58.5151
2474,58.4847
2475,58.4547
2476,58.425
2477,58.3956
2478,58.3665
2479,58.3377
2480,58.3092
2481,58.281
2482,58.2531
2483,58.2255
2484,58.1982
2485,58.1711
2486,58.1444
2487,58.1179
2488,58.0917
2489,58.0658
2490,58.0401
2491,58.0148
2492,57.9896
2493,57.9648
2494,57.9402
2495,57.9159
2496,57.8918
2497,57.868
2498,57.8444
2499,57.8212
2500,57.7981
2501,57.7754
2502,57.7529
2503,57.7306
2504,57.7086
2505,57.6869
2506,57.6655
2507,57.6443
2508,57.6234
2509,57.6027
2510,57.5823
2511,57.5622
2512,57.5423
2513,57.5227
2514,57.5034
2515,57.4844
2516,57.4657
2517,57.4472
2518,57.429
2519,57.4112
2520,57.3936
2521,57.3763
2522,57.3593
2523,57.3426
2524,57.3262
2525,57.3101
2526,57.2944
2527,57.279
2528,57.2638
2529,57.249
2530,57.2346
2531,57.1813
2532,57.1069
2533,57.0336
2534,56.9613
2535,56.8901
2536,56.8199
2537,56.7508
2538,56.6827
2539,56.6157
2540,56.5497
2541,56.4848
2542,56.4209
2543,56.358
2544,56.2962
2545,56.2354
2546,56.1757
2547,56.1169
2548,56.0592
2549,56.0026
2550,55.9469
2551,55.8923
2552,55.8387
2553,55.7861
2554,55.7346
2555,55.684
2556,55.6345
2557,55.586
2558,55.5385
2559,55.492
2560,55.4465
2561,55.4021
2562,55.3586
2563,55.3161
2564,55.2747
2565,55.2343
2566,55.1949
2567,55.1566
2568,55.1193
2569,55.083
2570,55.0478
2571,55.0135
2572,54.9804
2573,54.9483
2574,54.9172
2575,54.8872
2576,54.8583
2577,54.8305
2578,54.8037
2579,54.7781
2580,54.7535
2581,54.73
2582,54.7077
2583,54.6864
2584,54.6663
2585,54.6474
2586,54.6296
2587,54.6129
2588,54.5975
2589,54.5832
2590,54.5702
2591,54.5584
2592,54.5478
2593,54.5385
2594,54.5305
2595,54.5237
2596,54.5183
2597,54.5141
2598,54.5113
2599,54.5099
2600,54.5098
2601,54.5111
2602,54.5138
2603,54.518
2604,54.5236
2605,54.5307
2606,54.5393
2607,54.5494
2608,54.5611
2609,54.5744
2610,54.5892
2611,54.6057
2612,54.6237
2613,54.6435
2614,54.665
2615,54.6881
2616,54.7131
2617,54.7398
2618,54.7682
2619,54.7985
2620,54.8307
2621,54.8647
2622,54.9007
2623,54.9385
2624,54.9784
2625,55.0202
2626,55.064
2627,55.1098
2628,55.1577
2629,55.2077
2630,55.2597
2631,55.3139
2632,55.3703
2633,55.4288
2634,55.4895
2635,55.5524
2636,55.6176
2637,55.685
2638,55.7546
2639,55.8265
2640,55.9007
2641,55.9772
2642,56.056
2643,56.1371
2644,56.2205
2645,56.3062
2646,56.3942
2647,56.4845
2648,56.4836
2649,56.4546
2650,56.4271
2651,56.401
2652,56.3763
2653,56.353
2654,56.3311
2655,56.3105
2656,56.2913
2657,56.2735
2658,56.2569
2659,56.2417
2660,56.2279
2661,56.2153
2662,56.204
2663,56.194
2664,56.1852
2665,56.1777
2666,56.1714
2667,56.124
2668,56.0684
2669,56.0136
2670,55.9594
2671,55.906
2672,55.8534
2673,55.8015
2674,55.7503
2675,55.6999
2676,55.6502
2677,55.6013
2678,55.5531
2679,55.5057
2680,55.459
2681,55.413
2682,55.3678
2683,55.3233
2684,55.2796
2685,55.2366
2686,55.1943
2687,55.1528
2688,55.112
2689,55.072
2690,55.0327
2691,54.9941
2692,54.9562
2693,54.9191
2694,54.8827
2695,54.847
2696,54.812
2697,54.7778
2698,54.7443
2699,54.7115
2700,54.6794
2701,54.648
2702,54.6173
2703,54.5874
2704,54.5581
2705,54.5295
2706,54.5017
2707,54.4745
2708,54.4481
2709,54.4223
2710,54.3972
2711,54.3729
2712,54.3492
2713,54.3262
2714,54.3039
2715,54.2823
2716,54.2613
2717,54.2411
2718,54.2216
2719,54.2027
2720,54.1845
2721,54.167
2722,54.1429
2723,54.1063
2724,54.0702
2725,54.0344
2726,53.9991
2727,53.9642
2728,53.9297
2729,53.8957
2730,53.862
2731,53.8288
2732,53.796
2733,53.7637
2734,53.7317
2735,53.7002
2736,53.6691
2737,53.6385
2738,53.6083
2739,53.5785
2740,53.5491
2741,53.5202
2742,53.4917
2743,53.4637
2744,53.4361
2745,53.409
2746,53.3823
2747,53.356
2748,53.3302
2749,53.3048
2750,53.2799
2751,53.2555
2752,53.2315
2753,53.208
2754,53.1849
2755,53.1624
2756,53.1403
2757,53.1186
2758,53.0975
2759,53.0769
2760,53.0567
2761,53.0371
2762,53.018
2763,52.9994
2764,52.9813
2765,52.9637
2766,52.9466
2767,52.9301
2768,52.9141
2769,52.8987
2770,52.8838
2771,52.8695
2772,52.8557
2773,52.8425
2774,52.8299
2775,52.8179
2776,52.8065
2777,52.7957
2778,52.7854
2779,52.7758
2780,52.7669
2781,52.7585
2782,52.7508
2783,52.7438
2784,52.7374
2785,52.7317
2786,52.7266
2787,52.7223
2788,52.7186
2789,52.7156
2790,52.7134
2791,52.7118
2792,52.711
2793,52.711
2794,52.7116
2795,52.7131
2796,52.7153
2797,52.7183
2798,52.6427
2799,52.5445
2800,52.4475
2801,52.3518
2802,52.2574
2803,52.1644
2804,52.0729
2805,51.9827
2806,51.894
2807,51.8067
2808,51.7209
2809,51.6366
2810,51.5539
2811,51.4727
2812,51.3931
2813,51.315
2814,51.2385
2815,51.1636
2816,51.0904
2817,51.0187
2818,50.9487
2819,50.8803
2820,50.8135
2821,50.7484
2822,50.6849
2823,50.623
2824,50.5628
2825,50.5042
2826,50.4472
2827,50.3918
2828,50.3381
2829,50.286
2830,50.2355
2831,50.1867
2832,50.1394
2833,50.0938
2834,50.0497
2835,50.0073
2836,49.9664
2837,49.9271
2838,49.8894
2839,49.8532
2840,49.8187
2841,49.7856
2842,49.7542
2843,49.7243
2844,49.6959
2845,49.6691
2846,49.6439
2847,49.6202
2848,49.5981
2849,49.5775
2850,49.5585
2851,49.541
2852,49.5251
2853,49.5108
2854,49.4981
2855,49.4869
2856,49.4774
2857,49.4694
2858,49.4631
2859,49.4584
2860,49.4554
2861,49.4541
2862,49.4544
2863,49.4565
2864,49.4604
2865,49.466
2866,49.4734
2867,49.4827
2868,49.4939
2869,49.5069
2870,49.5219
2871,49.5389
2872,49.558
2873,49.5791
2874,49.6024
2875,49.6278
2876,49.6555
2877,49.6856
2878,49.7179
2879,49.7527
2880,49.79
2881,49.8298
2882,49.8723
2883,49.9175
2884,49.9656
2885,50.0165
2886,50.0704
2887,50.1273
2888,50.1874
2889,50.2507
2890,50.2284
2891,50.1913
2892,50.1543
2893,50.1175
2894,50.0807
2895,50.0442
2896,50.0079
2897,49.972
2898,49.9364
2899,49.9013
2900,49.8668
2901,49.833
2902,49.7999
2903,49.7678
2904,49.7368
2905,49.7072
2906,49.679
2907,49.6527
2908,49.6284
2909,49.6066
2910,49.5877
2911,49.572
2912,49.5602
2913,49.5527
2914,49.5505
2915,49.5541
2916,49.5645
2917,49.5828
2918,49.6101
2919,49.6479
2920,49.6975
2921,49.7608
2922,49.8398
2923,49.9368
2924,50.0542
2925,50.1951
2926,50.3626
2927,50.5604
2928,50.7926
2929,51.0637
2930,51.2924
2931,51.2623
2932,51.2272
2933,51.1906
2934,51.1547
2935,51.1196
2936,51.0854
2937,51.052
2938,51.0197
2939,50.9886
2940,50.9587
2941,50.9303
2942,50.9035
2943,50.8785
2944,50.8554
2945,50.8347
2946,50.8164
2947,50.801
2948,50.7886
2949,50.7797
2950,50.7747
2951,50.774
2952,50.7781
2953,50.7874
2954,50.8026
2955,50.8242
2956,50.8529
2957,50.8893
2958,50.9343
2959,50.9886
2960,51.0529
2961,51.1281
2962,50.9782
2963,50.827
2964,50.681
2965,50.5402
2966,50.4043
2967,50.2733
2968,50.1471
2969,50.0255
2970,49.9084
2971,49.7957
2972,49.6873
2973,49.5829
2974,49.4826
2975,49.3862
2976,49.2936
2977,49.2046
2978,49.1191
2979,49.0371
2980,48.9584
2981,48.8828
2982,48.8104
2983,48.741
2984,48.6744
2985,48.6107
2986,48.5497
2987,48.4912
2988,48.4353
2989,48.3819
2990,48.3308
2991,48.282
2992,48.2354
2993,48.1909
2994,48.1485
2995,48.108
2996,48.0696
2997,48.033
2998,47.9982
2999,47.9651
3000,47.9338
3001,47.9041
3002,47.8761
3003,47.8495
3004,47.8246
3005,47.801
3006,47.779
3007,47.7583
3008,47.739
3009,47.721
3010,47.7043
3011,47.6889
3012,47.6747
3013,47.6617
3014,47.6499
3015,47.6393
3016,47.6297
3017,47.6214
3018,47.6141
3019,47.6078
3020,47.6027
3021,47.5985
3022,47.5954
3023,47.5933
3024,47.5922
3025,47.5921
3026,47.5929
3027,47.5947
3028,47.5974
3029,47.6011
3030,47.6056
3031,47.6111
3032,47.6175
3033,47.6248
3034,47.6329
3035,47.6419
3036,47.6518
3037,47.6626
3038,47.6742
3039,47.6866
3040,47.6999
3041,47.714
3042,47.7289
3043,47.7049
3044,47.5652
3045,47.4471
3046,47.3489
3047,47.2689
3048,47.2056
3049,47.1575
3050,47.1232
3051,47.1017
3052,47.0921
3053,47.0937
3054,47.1062
3055,47.1296
3056,46.7321
3057,46.1627
3058,45.635
3059,45.1535
3060,44.7224
3061,44.345
3062,44.0241
3063,43.7624
3064,43.562
3065,43.425
3066,43.3534
3067,43.3493
3068,43.4149
3069,43.5525
3070,43.7649
3071,44.0549
3072,44.4253
3073,44.8792
3074,45.4198
3075,46.0501
3076,46.7729
3077,47.5909
3078,47.8611
3079,47.8679
3080,47.876
3081,47.8853
3082,47.8959
3083,47.908
3084,47.9214
3085,47.9363
3086,47.9527
3087,47.9707
3088,47.9903
3089,48.0116
3090,48.0346
3091,48.0594
3092,48.086
3093,47.8881
3094,47.5803
3095,47.3883
3096,47.3031
3097,47.3201
3098,47.4382
3099,47.2453
3100,47.0274
3101,46.8176
3102,46.6165
3103,46.4246
3104,46.2422
3105,46.0698
3106,45.9074
3107,45.7552
3108,45.6131
3109,45.4811
3110,45.3591
3111,45.2469
3112,45.1442
3113,45.0508
3114,44.9665
3115,44.8907
3116,44.8234
3117,44.7641
3118,44.7124
3119,44.6681
3120,44.6308
3121,44.6
3122,44.5755
3123,44.5569
3124,44.5439
3125,44.5359
3126,44.5328
3127,44.5341
3128,44.5393
3129,44.5482
3130,44.5602
3131,44.575
3132,44.5921
3133,44.6112
3134,44.6316
3135,44.6531
3136,44.6751
3137,44.6971
3138,44.7188
3139,44.7398
3140,44.7595
3141,44.7776
3142,44.7937
3143,44.8076
3144,44.8189
3145,44.8274
3146,44.8329
3147,44.8353
3148,44.8344
3149,44.8302
3150,44.8228
3151,44.6983
3152,44.535
3153,44.3842
3154,44.2458
3155,44.1195
3156,44.0051
3157,43.9023
3158,43.811
3159,43.731
3160,43.6622
3161,43.6043
3162,43.5574
3163,43.5214
3164,43.4961
3165,43.4818
3166,43.4783
3167,43.4859
3168,43.5046
3169,43.5346
3170,43.5761
3171,43.6294
3172,43.6947
3173,43.7725
3174,43.863
3175,43.9668
3176,44.0842
3177,44.0719
3178,44.0481
3179,44.0255
3180,44.0039
3181,43.9834
3182,43.9639
3183,43.9454
3184,43.9278
3185,43.9111
3186,43.8954
3187,43.8804
3188,43.8663
3189,43.8529
3190,43.8402
3191,43.8281
3192,43.8168
3193,43.806
3194,43.7957
3195,43.786
3196,43.7767
3197,43.7679
3198,43.7595
3199,43.7514
3200,43.7438
3201,43.7364
3202,43.7293
3203,43.7225
3204,43.716
3205,43.7097
3206,43.7036
3207,43.6977
3208,43.6919
3209,43.6863
3210,43.4593
3211,42.9911
3212,42.5679
3213,42.1873
3214,41.8465
3215,41.5427
3216,41.2729
3217,41.0343
3218,40.8243
3219,40.6402
3220,40.4798
3221,40.3408
3222,40.2215
3223,40.1199
3224,40.0347
3225,39.9644
3226,39.9079
3227,39.8642
3228,39.8322
3229,39.8113
3230,39.8007
3231,39.7999
3232,39.8083
3233,39.8253
3234,39.8507
3235,39.8838
3236,39.9245
3237,39.9721
3238,40.0263
3239,40.0867
3240,40.1527
3241,40.224
3242,40.2999
3243,40.3799
3244,40.4633
3245,40.5496
3246,40.638
3247,40.7278
3248,40.8184
3249,40.9089
3250,40.9987
3251,41.087
3252,41.1731
3253,41.2564
3254,41.3362
3255,41.4119
3256,41.4831
3257,41.5491
3258,41.6096
3259,41.6642
3260,41.7127
3261,41.7549
3262,41.7905
3263,41.8197
3264,41.8423
3265,41.8585
3266,41.8684
3267,41.8723
3268,41.8705
3269,41.8633
3270,41.851
3271,41.8342
3272,41.8132
3273,41.7885
3274,41.7606
3275,41.7298
3276,41.6968
3277,41.6619
3278,41.6255
3279,41.588
3280,41.5498
3281,41.5112
3282,41.4725
3283,41.4341
3284,41.396
3285,41.3586
3286,41.322
3287,41.2863
3288,41.2517
3289,41.2183
3290,41.1861
3291,41.1552
3292,41.1256
3293,41.0974
3294,41.0707
3295,41.0453
3296,41.0213
3297,40.9987
3298,40.9774
3299,40.9576
3300,40.939
3301,40.9218
3302,40.9059
3303,40.8912
3304,40.8778
3305,40.8656
3306,40.8546
3307,40.8448
3308,40.8361
3309,40.8285
3310,40.822
3311,40.8166
3312,40.8123
3313,40.809
3314,40.8068
3315,40.8055
3316,40.8052
3317,40.806
3318,40.8077
3319,40.7199
3320,40.5902
3321,40.4756
3322,40.3738
3323,40.2823
3324,40.199
3325,40.1221
3326,40.0497
3327,39.9803
3328,39.9127
3329,39.8459
3330,39.7792
3331,39.7124
3332,39.6455
3333,39.5795
3334,39.5157
3335,39.4561
3336,39.4036
3337,39.3621
3338,39.336
3339,39.3312
3340,39.3543
3341,39.4133
3342,39.5175
3343,39.6774
3344,39.9051
3345,39.9655
3346,39.8712
3347,39.7873
3348,39.7129
3349,39.6467
3350,39.5879
3351,39.5356
3352,39.489
3353,39.4475
3354,39.4105
3355,39.3774
3356,39.3478
3357,39.3213
3358,39.2975
3359,39.2761
3360,39.2568
3361,39.2393
3362,39.2234
3363,39.209
3364,39.1958
3365,39.1838
3366,39.1727
3367,39.1625
3368,39.1531
3369,39.1444
3370,39.1363
3371,39.1288
3372,39.1219
3373,39.1155
3374,39.1097
3375,39.1044
3376,39.0997
3377,39.0955
3378,39.092
3379,39.0892
3380,39.0871
3381,39.0858
3382,39.0855
3383,39.0863
3384,39.0882
3385,39.0916
3386,39.0965
3387,39.1032
3388,39.1119
3389,39.1229
3390,39.1365
3391,39.153
3392,39.1727
3393,39.1962
3394,39.2239
3395,39.2562
3396,39.2937
3397,39.337
3398,39.3868
3399,39.4437
3400,39.5086
3401,39.5821
3402,39.6651
3403,39.7585
3404,39.8631
3405,39.9798
3406,40.1094
3407,40.2525
3408,40.4098
3409,40.5817
3410,40.7681
3411,40.9053
3412,40.909
3413,40.9212
3414,40.9428
3415,40.9751
3416,41.0201
3417,41.055
3418,41.0364
3419,41.0222
3420,41.0128
3421,41.0086
3422,41.0099
3423,41.0172
3424,40.994
3425,40.9481
3426,40.9088
3427,40.876
3428,40.8494
3429,40.829
3430,40.8147
3431,40.8066
3432,40.8045
3433,40.8085
3434,40.8186
3435,40.8351
3436,40.8578
3437,40.8579
3438,40.8111
3439,40.7674
3440,40.7268
3441,40.6892
3442,40.6543
3443,40.622
3444,40.5922
3445,40.5647
3446,40.5395
3447,40.5164
3448,40.4952
3449,40.4758
3450,40.4582
3451,40.4421
3452,40.4276
3453,40.4145
3454,40.4026
3455,40.3919
3456,40.3824
3457,40.3738
3458,40.3662
3459,40.3594
3460,40.344
3461,40.3222
3462,40.3031
3463,40.2867
3464,40.2728
3465,40.2613
3466,40.2523
3467,40.2458
3468,40.2417
3469,40.2402
3470,40.2413
3471,40.2452
3472,40.2521
3473,40.2622
3474,40.2757
3475,40.2931
3476,40.3146
3477,40.3186
3478,40.3185
3479,40.3183
3480,40.3183
3481,40.3182
3482,40.3182
3483,40.3026
3484,40.0094
3485,39.7542
3486,39.5332
3487,39.3429
3488,39.1805
3489,39.0435
3490,38.9297
3491,38.8372
3492,38.7644
3493,38.7097
3494,38.6719
3495,38.6498
3496,38.6427
3497,38.6495
3498,38.6697
3499,38.7026
3500,38.7479
3501,38.8053
3502,38.8746
3503,38.9558
3504,39.0491
3505,39.1547
3506,39.2731
3507,39.4049
3508,39.5509
3509,39.712
3510,39.8892
3511,40.0836
3512,40.1966
3513,40.2158
3514,40.2408
3515,40.2718
3516,40.309
3517,40.3524
3518,40.4024
3519,40.4201
3520,40.4315
3521,40.444
3522,40.4576
3523,40.4724
3524,40.4885
3525,40.506
3526,40.525
3527,40.5456
3528,40.5679
3529,40.592
3530,40.618
3531,40.6459
3532,40.676
3533,40.7083
3534,40.743
3535,40.7801
3536,40.8198
3537,40.7781
3538,40.676
3539,40.5816
3540,40.4952
3541,40.4172
3542,40.3479
3543,40.2876
3544,40.2365
3545,40.1948
3546,40.1629
3547,40.1409
3548,40.1291
3549,40.1277
3550,40.137
3551,40.1571
3552,40.1884
3553,40.2312
3554,40.2856
3555,40.3522
3556,40.4312
3557,40.523
3558,40.1438
3559,39.758
3560,39.3966
3561,39.0609
3562,38.7517
3563,38.4694
3564,38.2139
3565,37.985
3566,37.7823
3567,37.605
3568,37.4528
3569,37.3251
3570,37.2214
3571,37.1414
3572,37.0851
3573,37.0525
3574,37.0439
3575,37.0599
3576,37.1013
3577,37.1691
3578,37.2646
3579,37.3896
3580,37.5458
3581,37.7354
3582,37.9608
3583,38.2246
3584,38.5296
3585,38.8788
3586,38.9046
3587,38.9105
3588,38.9197
3589,38.9324
3590,38.8937
3591,38.6493
3592,38.4203
3593,38.2067
3594,38.0083
3595,37.825
3596,37.6562
3597,37.5016
3598,37.3605
3599,37.2325
3600,37.117
3601,37.0134
3602,36.9212
3603,36.8398
3604,36.7687
3605,36.7075
3606,36.6557
3607,36.6131
3608,36.5793
3609,36.5541
3610,36.5372
3611,36.5285
3612,36.5278
3613,36.5351
3614,36.5503
3615,36.5734
3616,36.6043
3617,36.6431
3618,36.6897
3619,36.744
3620,36.8061
3621,36.8757
3622,36.9528
3623,37.037
3624,37.128
3625,37.2254
3626,37.3286
3627,37.4368
3628,37.5493
3629,37.6651
3630,37.7832
3631,37.9024
3632,38.0215
3633,38.1393
3634,38.2545
3635,38.3659
3636,38.4725
3637,38.5733
3638,38.6676
3639,38.7549
3640,38.8348
3641,38.9074
3642,38.9728
3643,39.0314
3644,39.0838
3645,39.131
3646,39.1737
3647,39.2132
3648,39.2504
3649,39.0407
3650,38.7799
3651,38.5716
3652,38.4082
3653,38.2833
3654,38.1915
3655,38.1283
3656,38.0898
3657,38.0729
3658,38.075
3659,38.094
3660,38.1281
3661,38.1761
3662,38.2369
3663,38.3096
3664,38.3937
3665,38.4888
3666,38.5948
3667,38.7117
3668,38.8396
3669,38.979
3670,39.1303
3671,39.2944
3672,39.4723
3673,39.6652
3674,39.8749
3675,40.1032
3676,40.3525
3677,40.4031
3678,40.4054
3679,40.404
3680,40.3985
3681,40.3884
3682,40.3737
3683,40.3542
3684,40.3299
3685,40.3011
3686,40.268
3687,40.2311
3688,40.1908
3689,40.1478
3690,40.1026
3691,40.0558
3692,40.0082
3693,39.9603
3694,39.9128
3695,39.8662
3696,39.821
3697,39.7776
3698,39.7365
3699,39.6977
3700,39.6616
3701,39.6283
3702,39.5977
3703,39.5698
3704,39.5445
3705,39.5216
3706,39.5009
3707,39.482
3708,39.4646
3709,39.4483
3710,39.4327
3711,39.4174
3712,39.402
3713,39.3859
3714,39.3689
3715,39.3505
3716,39.3304
3717,39.3082
3718,39.2838
3719,39.2569
3720,39.2274
3721,39.1952
3722,39.1605
3723,39.1232
3724,39.0834
3725,39.0415
3726,38.9976
3727,38.952
3728,38.9051
3729,38.8572
3730,38.8086
3731,38.7596
3732,38.7108
3733,38.6623
3734,38.6145
3735,38.5677
3736,38.5223
3737,38.4783
3738,38.4362
3739,38.396
3740,38.3579
3741,38.3222
3742,38.2889
3743,38.2581
3744,38.2299
3745,38.2043
3746,38.1816
3747,38.1617
3748,38.1446
3749,38.1304
3750,38.1192
3751,38.111
3752,38.1059
3753,38.1039
3754,38.1051
3755,38.1096
3756,38.1174
3757,38.1287
3758,38.1436
3759,38.1622
3760,38.1847
3761,38.2113
3762,38.2422
3763,38.2776
3764,38.3178
3765,38.3631
3766,38.4139
3767,38.4706
3768,38.5336
3769,38.6034
3770,38.6805
3771,38.7657
3772,38.8597
3773,38.9631
3774,39.077
3775,39.2023
3776,39.3401
3777,39.4917
3778,39.6585
3779,39.8419
3780,39.9199
3781,39.7681
3782,39.6293
3783,39.5024
3784,39.3862
3785,39.2794
3786,39.1812
3787,39.0906
3788,39.0069
3789,38.9293
3790,38.8571
3791,38.7898
3792,38.7269
3793,38.6679
3794,38.6123
3795,38.5599
3796,38.5104
3797,38.4634
3798,38.4188
3799,38.3764
3800,38.336
3801,38.2975
3802,38.2609
3803,38.2262
3804,38.1932
3805,38.1619
3806,38.1326
3807,38.105
3808,38.0794
3809,38.0558
3810,38.0344
3811,38.0151
3812,37.9983
3813,37.9839
3814,37.9723
3815,37.9637
3816,37.9581
3817,37.9559
3818,37.9574
3819,37.9627
3820,37.9723
3821,37.9864
3822,38.0055
3823,38.0299
3824,38.06
3825,38.0963
3826,38.1393
3827,38.1895
3828,38.2476
3829,38.3141
3830,38.3896
3831,38.4749
3832,38.5707
3833,38.6777
3834,38.7968
3835,38.9286
3836,39.0742
3837,39.2341
3838,39.4094
3839,39.6007
3840,39.8088
3841,40.0344
3842,40.2781
3843,40.5403
3844,40.3941
3845,40.1173
3846,39.8754
3847,39.6661
3848,39.4873
3849,39.3374
3850,39.2148
3851,39.1182
3852,39.0467
3853,38.9996
3854,38.9765
3855,38.9774
3856,39.0023
3857,39.0518
3858,39.1267
3859,39.2281
3860,39.3574
3861,39.5163
3862,39.7069
3863,39.9314
3864,40.1923
3865,40.4926
3866,40.8352
3867,41.2233
3868,41.5105
3869,41.505
3870,41.4998
3871,41.495
3872,41.4906
3873,41.4865
3874,41.4433
3875,41.3765
3876,41.3134
3877,41.2393
3878,41.1694
3879,41.1045
3880,41.0444
3881,40.989
3882,40.9381
3883,40.8916
3884,40.8493
3885,40.811
3886,40.7768
3887,40.7464
3888,40.7197
3889,40.6241
3890,39.9679
3891,39.3983
3892,38.9119
3893,38.5049
3894,38.173
3895,37.9123
3896,37.7186
3897,37.5881
3898,37.5172
3899,37.5023
3900,37.5396
3901,37.6254
3902,37.7552
3903,37.9243
3904,38.1269
3905,38.3567
3906,38.6065
3907,38.8685
3908,39.1348
3909,39.3977
3910,39.6502
3911,39.8866
3912,40.0129
3913,40.1218
3914,40.2474
3915,40.3906
3916,40.5521
3917,40.6973
3918,40.6697
3919,40.6464
3920,40.6273
3921,40.6124
3922,40.6017
3923,40.5952
3924,40.5929
3925,40.5948
3926,40.5486
3927,40.4646
3928,40.3863
3929,40.3135
3930,40.2459
3931,40.1832
3932,40.1252
3933,40.0718
3934,40.0228
3935,39.9779
3936,39.9369
3937,39.8999
3938,39.8665
3939,39.8367
3940,39.8103
3941,39.7872
3942,39.7673
3943,39.7505
3944,39.7367
3945,39.7259
3946,39.7179
3947,39.7126
3948,39.7102
3949,39.7103
3950,39.7131
3951,39.7184
3952,39.7261
3953,39.7364
3954,39.749
3955,39.7335
3956,39.619
3957,39.5226
3958,39.4441
3959,39.3835
3960,39.3408
3961,39.3162
3962,39.3099
3963,39.3222
3964,39.3535
3965,39.4043
3966,39.4753
3967,39.567
3968,39.6803
3969,39.8161
3970,39.9753
3971,40.0778
3972,40.0089
3973,39.9515
3974,39.9068
3975,39.8764
3976,39.8623
3977,39.8669
3978,39.8933
3979,39.9456
3980,40.0288
3981,40.1492
3982,40.3148
3983,40.5358
3984,40.8243
3985,40.9685
3986,41.0217
3987,41.0751
3988,41.1287
3989,41.1825
3990,41.2045
3991,41.2083
3992,41.2123
3993,41.2167
3994,41.2214
3995,41.2263
3996,41.2314
3997,41.2367
3998,41.2422
3999,41.2478
