Iteration,MeanRF
0,4000
1,1
2,2
3,3
4,4
5,5
6,6
7,7
8,8
9,9
10,10
11,11
12,12
13,13
14,14
15,15
16,16
17,17
18,18
19,19
20,20
21,21
22,22
23,23
24,24
25,25
26,26
27,27
28,28
29,29
30,30
31,31
32,32
33,33
34,34
35,35
36,36
37,37
38,38
39,39
40,40
41,41
42,42
43,43
44,44
45,45
46,46
47,47
48,48
49,49
50,50
51,51
52,52
53,53
54,54
55,55
56,56
57,57
58,58
59,59
60,60
61,61
62,62
63,63
64,64
65,65
66,66
67,67
68,68
69,69
70,70
71,71
72,72
73,73
74,74
75,75
76,76
77,77
78,78
79,79
80,80
81,81
82,82
83,83
84,84
85,85
86,86
87,87
88,88
89,89
90,90
91,91
92,92
93,93
94,94
95,95
96,96
97,97
98,98
99,99
100,100
101,101
102,102
103,103
104,104
105,105
106,106
107,107
108,108
109,109
110,110
111,111
112,112
113,113
114,114
115,115
116,116
117,117
118,118
119,119
120,120
121,121
122,122
123,123
124,124
125,125
126,126
127,127
128,128
129,129
130,130
131,131
132,132
133,133
134,134
135,135
136,136
137,137
138,138
139,139
140,140
141,141
142,142
143,143
144,144
145,145
146,146
147,147
148,148
149,149
150,150
151,151
152,152
153,153
154,154
155,155
156,156
157,157
158,158
159,159
160,160
161,161
162,162
163,163
164,164
165,165
166,166
167,167
168,168
169,169
170,170
171,171
172,172
173,173
174,174
175,175
176,176
177,177
178,178
179,179
180,180
181,181
182,182
183,183
184,184
185,185
186,186
187,187
188,188
189,189
190,190
191,191
192,192
193,193
194,194
195,195
196,196
197,197
198,198
199,199
200,200
201,201
202,202
203,203
204,204
205,205
206,206
207,207
208,208
209,209
210,210
211,211
212,212
213,213
214,214
215,215
216,216
217,217
218,218
219,219
220,220
221,221
222,222
223,223
224,224
225,225
226,226
227,227
228,228
229,229
230,230
231,231
232,232
233,233
234,234
235,235
236,236
237,237
238,238
239,239
240,240
241,241
242,242
243,243
244,244
245,245
246,246
247,247
248,248
249,249
250,250
251,251
252,252
253,253
254,254
255,255
256,256
257,257
258,258
259,259
260,260
261,261
262,262
263,263
264,264
265,265
266,266
267,267
268,268
269,269
270,270
271,271
272,272
273,273
274,274
275,275
276,276
277,277
278,278
279,279
280,280
281,281
282,282
283,283
284,284
285,285
286,286
287,287
288,288
289,289
290,290
291,291
292,292
293,293
294,294
295,295
296,296
297,297
298,298
299,299
300,300
301,301
302,302
303,303
304,304
305,305
306,306
307,307
308,308
309,309
310,310
311,311
312,312
313,313
314,314
315,315
316,316
317,317
318,318
319,319
320,320
321,321
322,322
323,323
324,324
325,325
326,326
327,327
328,328
329,329
330,330
331,331
332,332
333,333
334,334
335,335
336,336
337,337
338,338
339,339
340,340
341,341
342,342
343,343
344,344
345,345
346,346
347,347
348,348
349,349
350,350
351,351
352,352
353,353
354,354
355,355
356,356
357,357
358,358
359,359
360,360
361,361
362,362
363,363
364,364
365,365
366,366
367,367
368,368
369,369
370,370
371,371
372,372
373,373
374,374
375,375
376,376
377,377
378,378
379,379
380,380
381,381
382,382
383,383
384,384
385,385
386,386
387,387
388,388
389,389
390,390
391,391
392,392
393,393
394,394
395,395
396,396
397,397
398,398
399,399
400,400
401,401
402,402
403,403
404,404
405,405
406,406
407,407
408,408
409,409
410,410
411,411
412,412
413,413
414,414
415,415
416,416
417,417
418,418
419,419
420,420
421,421
422,422
423,423
424,424
425,425
426,426
427,427
428,428
429,429
430,430
431,431
432,432
433,433
434,434
435,435
436,436
437,437
438,438
439,439
440,440
441,441
442,442
443,443
444,444
445,445
446,446
447,447
448,448
449,449
450,450
451,451
452,452
453,453
454,454
455,455
456,456
457,457
458,458
459,459
460,460
461,461
462,462
463,463
464,464
465,465
466,466
467,467
468,468
469,469
470,470
471,471
472,472
473,473
474,474
475,475
476,476
477,477
478,478
479,479
480,480
481,481
482,482
483,483
484,484
485,485
486,486
487,487
488,488
489,489
490,490
491,491
492,492
493,493
494,494
495,495
496,496
497,497
498,498
499,499
500,500
501,501
502,502
503,503
504,504
505,505
506,506
507,507
508,508
509,509
510,510
511,511
512,512
513,513
514,514
515,515
516,516
517,517
518,518
519,259.5
520,260
521,260.5
522,261
523,261.5
524,262
525,262.5
526,263
527,263.5
528,264
529,264.5
530,265
531,265.5
532,266
533,266.5
534,267
535,267.5
536,268
537,268.5
538,269
539,269.5
540,270
541,270.5
542,271
543,271.5
544,272
545,272.5
546,273
547,273.5
548,274
549,274.5
550,275
551,275.5
552,276
553,276.5
554,277
555,277.5
556,278
557,278.5
558,279
559,279.5
560,280
561,280.5
562,281
563,281.5
564,282
565,282.5
566,283
567,283.5
568,284
569,284.5
570,285
571,285.5
572,286
573,286.5
574,287
575,287.5
576,288
577,288.5
578,289
579,289.5
580,290
581,290.5
582,291
583,291.5
584,292
585,292.5
586,293
587,293.5
588,294
589,294.5
590,295
591,295.5
592,296
593,296.5
594,297
595,297.5
596,298
597,298.5
598,299
599,299.5
600,300
601,300.5
602,301
603,301.5
604,302
605,302.5
606,303
607,303.5
608,304
609,304.5
610,305
611,305.5
612,306
613,306.5
614,307
615,307.5
616,308
617,308.5
618,309
619,309.5
620,310
621,310.5
622,311
623,311.5
624,312
625,312.5
626,313
627,313.5
628,314
629,314.5
630,315
631,315.5
632,316
633,316.5
634,317
635,317.5
636,318
637,318.5
638,319
639,319.5
640,320
641,320.5
642,321
643,321.5
644,322
645,322.5
646,323
647,323.5
648,324
649,324.5
650,325
651,325.5
652,326
653,326.5
654,327
655,327.5
656,328
657,328.5
658,329
659,329.5
660,330
661,330.5
662,331
663,331.5
664,332
665,332.5
666,333
667,333.5
668,334
669,334.5
670,335
671,335.5
672,336
673,336.5
674,337
675,337.5
676,338
677,338.5
678,339
679,339.5
680,340
681,340.5
682,341
683,341.5
684,342
685,342.5
686,343
687,343.5
688,344
689,344.5
690,345
691,345.5
692,346
693,346.5
694,347
695,347.5
696,348
697,348.5
698,349
699,349.5
700,350
701,350.5
702,351
703,351.5
704,352
705,352.5
706,353
707,353.5
708,354
709,354.5
710,355
711,355.5
712,356
713,356.5
714,357
715,357.5
716,358
717,358.5
718,359
719,359.5
720,360
721,360.5
722,361
723,361.5
724,362
725,362.5
726,363
727,363.5
728,364
729,364.5
730,365
731,365.5
732,366
733,366.5
734,367
735,367.5
736,368
737,368.5
738,369
739,369.5
740,370
741,370.5
742,371
743,247.667
744,248
745,248.333
746,248.667
747,249
748,249.333
749,249.667
750,250
751,250.333
752,250.667
753,251
754,251.333
755,251.667
756,252
757,252.333
758,252.667
759,253
760,253.333
761,253.667
762,254
763,254.333
764,254.667
765,255
766,255.333
767,255.667
768,256
769,256.333
770,256.667
771,257
772,257.333
773,257.667
774,258
775,258.333
776,258.667
777,259
778,259.333
779,259.667
780,260
781,260.333
782,260.667
783,261
784,261.333
785,261.667
786,262
787,262.333
788,262.667
789,263
790,263.333
791,263.667
792,264
793,264.333
794,264.667
795,265
796,265.333
797,265.667
798,266
799,266.333
800,266.667
801,267
802,267.333
803,267.667
804,268
805,268.333
806,268.667
807,269
808,269.333
809,269.667
810,270
811,270.333
812,270.667
813,271
814,271.333
815,271.667
816,272
817,272.333
818,272.667
819,273
820,273.333
821,273.667
822,274
823,274.333
824,274.667
825,275
826,275.333
827,275.667
828,276
829,276.333
830,276.667
831,277
832,277.333
833,277.667
834,278
835,278.333
836,278.667
837,279
838,279.333
839,279.667
840,280
841,280.333
842,280.667
843,281
844,281.333
845,281.667
846,282
847,282.333
848,282.667
849,283
850,283.333
851,283.667
852,284
853,284.333
854,284.667
855,285
856,285.333
857,285.667
858,286
859,286.333
860,286.667
861,287
862,287.333
863,287.667
864,288
865,288.333
866,288.667
867,289
868,289.333
869,289.667
870,290
871,290.333
872,290.667
873,291
874,291.333
875,291.667
876,292
877,292.333
878,292.667
879,293
880,293.333
881,293.667
882,294
883,294.333
884,294.667
885,295
886,295.333
887,295.667
888,296
889,296.333
890,296.667
891,297
892,297.333
893,297.667
894,298
895,298.333
896,298.667
897,299
898,299.333
899,299.667
900,300
901,300.333
902,300.667
903,301
904,301.333
905,301.667
906,302
907,302.333
908,302.667
909,303
910,303.333
911,303.667
912,304
913,304.333
914,304.667
915,305
916,229
917,229.25
918,229.5
919,229.75
920,230
921,230.25
922,230.5
923,230.75
924,231
925,231.25
926,231.5
927,231.75
928,232
929,232.25
930,232.5
931,232.75
932,233
933,233.25
934,233.5
935,233.75
936,234
937,234.25
938,234.5
939,234.75
940,235
941,235.25
942,235.5
943,235.75
944,236
945,236.25
946,236.5
947,236.75
948,237
949,237.25
950,237.5
951,237.75
952,238
953,238.25
954,238.5
955,238.75
956,239
957,239.25
958,239.5
959,239.75
960,240
961,240.25
962,240.5
963,240.75
964,241
965,241.25
966,241.5
967,241.75
968,242
969,242.25
970,242.5
971,242.75
972,243
973,243.25
974,243.5
975,243.75
976,244
977,244.25
978,244.5
979,244.75
980,245
981,245.25
982,245.5
983,245.75
984,246
985,246.25
986,246.5
987,246.75
988,247
989,247.25
990,247.5
991,247.75
992,248
993,248.25
994,248.5
995,248.75
996,249
997,249.25
998,249.5
999,249.75
1000,250
1001,250.25
1002,250.5
1003,250.75
1004,251
1005,251.25
1006,251.5
1007,251.75
1008,252
1009,252.25
1010,252.5
1011,252.75
1012,253
1013,253.25
1014,253.5
1015,253.75
1016,254
1017,254.25
1018,254.5
1019,254.75
1020,255
1021,255.25
1022,255.5
1023,255.75
1024,256
1025,256.25
1026,256.5
1027,256.75
1028,257
1029,257.25
1030,257.5
1031,257.75
1032,258
1033,258.25
1034,258.5
1035,258.75
1036,259
1037,259.25
1038,259.5
1039,259.75
1040,260
1041,260.25
1042,260.5
1043,260.75
1044,261
1045,261.25
1046,261.5
1047,261.75
1048,262
1049,262.25
1050,262.5
1051,262.75
1052,263
1053,263.25
1054,263.5
1055,263.75
1056,264
1057,264.25
1058,264.5
1059,264.75
1060,265
1061,212.2
1062,212.4
1063,212.6
1064,212.8
1065,213
1066,213.2
1067,213.4
1068,213.6
1069,213.8
1070,214
1071,214.2
1072,214.4
1073,214.6
1074,214.8
1075,215
1076,215.2
1077,215.4
1078,215.6
1079,215.8
1080,216
1081,216.2
1082,216.4
1083,216.6
1084,216.8
1085,217
1086,217.2
1087,217.4
1088,217.6
1089,217.8
1090,218
1091,218.2
1092,218.4
1093,218.6
1094,218.8
1095,219
1096,219.2
1097,219.4
1098,219.6
1099,219.8
1100,220
1101,220.2
1102,220.4
1103,220.6
1104,220.8
1105,221
1106,221.2
1107,221.4
1108,221.6
1109,221.8
1110,222
1111,222.2
1112,222.4
1113,222.6
1114,222.8
1115,223
1116,223.2
1117,223.4
1118,223.6
1119,223.8
1120,224
1121,224.2
1122,224.4
1123,224.6
1124,224.8
1125,225
1126,225.2
1127,225.4
1128,225.6
1129,225.8
1130,226
1131,226.2
1132,226.4
1133,226.6
1134,226.8
1135,227
1136,227.2
1137,227.4
1138,227.6
1139,227.8
1140,228
1141,228.2
1142,228.4
1143,228.6
1144,228.8
1145,229
1146,229.2
1147,229.4
1148,229.6
1149,229.8
1150,230
1151,230.2
1152,230.4
1153,230.6
1154,230.8
1155,231
1156,231.2
1157,231.4
1158,231.6
1159,231.8
1160,232
1161,232.2
1162,232.4
1163,232.6
1164,232.8
1165,233
1166,233.2
1167,233.4
1168,233.6
1169,233.8
1170,234
1171,234.2
1172,234.4
1173,234.6
1174,234.8
1175,235
1176,235.2
1177,235.4
1178,235.6
1179,235.8
1180,236
1181,236.2
1182,236.4
1183,236.6
1184,236.8
1185,237
1186,237.2
1187,237.4
1188,198
1189,198.167
1190,198.333
1191,198.5
1192,198.667
1193,198.833
1194,199
1195,199.167
1196,199.333
1197,199.5
1198,199.667
1199,199.833
1200,200
1201,200.167
1202,200.333
1203,200.5
1204,200.667
1205,200.833
1206,201
1207,201.167
1208,201.333
1209,201.5
1210,201.667
1211,201.833
1212,202
1213,202.167
1214,202.333
1215,202.5
1216,202.667
1217,202.833
1218,203
1219,203.167
1220,203.333
1221,203.5
1222,203.667
1223,203.833
1224,204
1225,204.167
1226,204.333
1227,204.5
1228,204.667
1229,204.833
1230,205
1231,205.167
1232,205.333
1233,205.5
1234,205.667
1235,205.833
1236,206
1237,206.167
1238,206.333
1239,206.5
1240,206.667
1241,206.833
1242,207
1243,207.167
1244,207.333
1245,207.5
1246,207.667
1247,207.833
1248,208
1249,208.167
1250,208.333
1251,208.5
1252,208.667
1253,208.833
1254,209
1255,209.167
1256,209.333
1257,209.5
1258,209.667
1259,209.833
1260,210
1261,210.167
1262,210.333
1263,210.5
1264,210.667
1265,210.833
1266,211
1267,211.167
1268,211.333
1269,211.5
1270,211.667
1271,211.833
1272,212
1273,212.167
1274,212.333
1275,212.5
1276,212.667
1277,212.833
1278,213
1279,213.167
1280,213.333
1281,213.5
1282,213.667
1283,213.833
1284,214
1285,214.167
1286,214.333
1287,214.5
1288,214.667
1289,214.833
1290,215
1291,215.167
1292,215.333
1293,215.5
1294,215.667
1295,215.833
1296,216
1297,216.167
1298,216.333
1299,216.5
1300,216.667
1301,185.857
1302,186
1303,186.143
1304,186.286
1305,186.429
1306,186.571
1307,186.714
1308,186.857
1309,187
1310,187.143
1311,187.286
1312,187.429
1313,187.571
1314,187.714
1315,187.857
1316,188
1317,188.143
1318,188.286
1319,188.429
1320,188.571
1321,188.714
1322,188.857
1323,189
1324,189.143
1325,189.286
1326,189.429
1327,189.571
1328,189.714
1329,189.857
1330,190
1331,190.143
1332,190.286
1333,190.429
1334,190.571
1335,190.714
1336,190.857
1337,191
1338,191.143
1339,191.286
1340,191.429
1341,191.571
1342,191.714
1343,191.857
1344,192
1345,192.143
1346,192.286
1347,192.429
1348,192.571
1349,192.714
1350,192.857
1351,193
1352,193.143
1353,193.286
1354,193.429
1355,193.571
1356,193.714
1357,193.857
1358,194
1359,194.143
1360,194.286
1361,194.429
1362,194.571
1363,194.714
1364,194.857
1365,195
1366,195.143
1367,195.286
1368,195.429
1369,195.571
1370,195.714
1371,195.857
1372,196
1373,196.143
1374,196.286
1375,196.429
1376,196.571
1377,196.714
1378,196.857
1379,197
1380,197.143
1381,197.286
1382,197.429
1383,197.571
1384,197.714
1385,197.857
1386,198
1387,198.143
1388,198.286
1389,198.429
1390,198.571
1391,198.714
1392,198.857
1393,199
1394,199.143
1395,199.286
1396,199.429
1397,199.571
1398,199.714
1399,199.857
1400,200
1401,200.143
1402,200.286
1403,200.429
1404,175.5
1405,175.625
1406,175.75
1407,175.875
1408,176
1409,176.125
1410,176.25
1411,176.375
1412,176.5
1413,176.625
1414,176.75
1415,176.875
1416,177
1417,177.125
1418,177.25
1419,177.375
1420,177.5
1421,177.625
1422,177.75
1423,177.875
1424,178
1425,178.125
1426,178.25
1427,178.375
1428,178.5
1429,178.625
1430,178.75
1431,178.875
1432,179
1433,179.125
1434,179.25
1435,179.375
1436,179.5
1437,179.625
1438,179.75
1439,179.875
1440,180
1441,180.125
1442,180.25
1443,180.375
1444,180.5
1445,180.625
1446,180.75
1447,180.875
1448,181
1449,181.125
1450,181.25
1451,181.375
1452,181.5
1453,181.625
1454,181.75
1455,181.875
1456,182
1457,182.125
1458,182.25
1459,182.375
1460,182.5
1461,182.625
1462,182.75
1463,182.875
1464,183
1465,183.125
1466,183.25
1467,183.375
1468,183.5
1469,183.625
1470,183.75
1471,183.875
1472,184
1473,184.125
1474,184.25
1475,184.375
1476,184.5
1477,184.625
1478,184.75
1479,184.875
1480,185
1481,185.125
1482,185.25
1483,185.375
1484,185.5
1485,185.625
1486,185.75
1487,185.875
1488,186
1489,186.125
1490,186.25
1491,186.375
1492,186.5
1493,186.625
1494,186.75
1495,186.875
1496,187
1497,187.125
1498,187.25
1499,187.375
1500,166.667
1501,166.778
1502,166.889
1503,167
1504,167.111
1505,167.222
1506,167.333
1507,167.444
1508,167.556
1509,167.667
1510,167.778
1511,167.889
1512,168
1513,168.111
1514,168.222
1515,168.333
1516,168.444
1517,168.556
1518,168.667
1519,168.778
1520,168.889
1521,169
1522,169.111
1523,169.222
1524,169.333
1525,169.444
1526,169.556
1527,169.667
1528,169.778
1529,169.889
1530,170
1531,170.111
1532,170.222
1533,170.333
1534,170.444
1535,170.556
1536,170.667
1537,170.778
1538,170.889
1539,171
1540,171.111
1541,171.222
1542,171.333
1543,171.444
1544,171.556
1545,171.667
1546,171.778
1547,171.889
1548,172
1549,172.111
1550,172.222
1551,172.333
1552,172.444
1553,172.556
1554,172.667
1555,172.778
1556,172.889
1557,173
1558,173.111
1559,173.222
1560,173.333
1561,173.444
1562,173.556
1563,173.667
1564,173.778
1565,173.889
1566,174
1567,174.111
1568,174.222
1569,174.333
1570,174.444
1571,174.556
1572,174.667
1573,174.778
1574,174.889
1575,175
1576,175.111
1577,175.222
1578,175.333
1579,175.444
1580,175.556
1581,175.667
1582,175.778
1583,175.889
1584,176
1585,176.111
1586,176.222
1587,176.333
1588,176.444
1589,176.556
1590,159
1591,159.1
1592,159.2
1593,159.3
1594,159.4
1595,159.5
1596,159.6
1597,159.7
1598,159.8
1599,159.9
1600,160
1601,160.1
1602,160.2
1603,160.3
1604,160.4
1605,160.5
1606,160.6
1607,160.7
1608,160.8
1609,160.9
1610,161
1611,161.1
1612,161.2
1613,161.3
1614,161.4
1615,161.5
1616,161.6
1617,161.7
1618,161.8
1619,161.9
1620,162
1621,162.1
1622,162.2
1623,162.3
1624,162.4
1625,162.5
1626,162.6
1627,162.7
1628,162.8
1629,162.9
1630,163
1631,163.1
1632,163.2
1633,163.3
1634,163.4
1635,163.5
1636,163.6
1637,163.7
1638,163.8
1639,163.9
1640,164
1641,164.1
1642,164.2
1643,164.3
1644,164.4
1645,164.5
1646,164.6
1647,164.7
1648,164.8
1649,164.9
1650,165
1651,165.1
1652,165.2
1653,165.3
1654,165.4
1655,165.5
1656,165.6
1657,165.7
1658,165.8
1659,165.9
1660,166
1661,166.1
1662,166.2
1663,166.3
1664,166.4
1665,166.5
1666,166.6
1667,166.7
1668,166.8
1669,166.9
1670,167
1671,167.1
1672,167.2
1673,167.3
1674,167.4
1675,167.5
1676,167.6
1677,152.455
1678,152.545
1679,152.636
1680,152.727
1681,152.818
1682,152.909
1683,153
1684,153.091
1685,153.182
1686,153.273
1687,153.364
1688,153.455
1689,153.545
1690,153.636
1691,153.727
1692,153.818
1693,153.909
1694,154
1695,154.091
1696,154.182
1697,154.273
1698,154.364
1699,154.455
1700,154.545
1701,154.636
1702,154.727
1703,154.818
1704,154.909
1705,155
1706,155.091
1707,155.182
1708,155.273
1709,155.364
1710,155.455
1711,155.545
1712,155.636
1713,155.727
1714,155.818
1715,155.909
1716,156
1717,156.091
1718,156.182
1719,156.273
1720,156.364
1721,156.455
1722,156.545
1723,156.636
1724,156.727
1725,156.818
1726,156.909
1727,157
1728,157.091
1729,157.182
1730,157.273
1731,157.364
1732,157.455
1733,157.545
1734,157.636
1735,157.727
1736,157.818
1737,157.909
1738,158
1739,158.091
1740,158.182
1741,158.273
1742,158.364
1743,158.455
1744,158.545
1745,158.636
1746,158.727
1747,158.818
1748,158.909
1749,159
1750,159.091
1751,159.182
1752,159.273
1753,159.364
1754,159.455
1755,159.545
1756,159.636
1757,159.727
1758,159.818
1759,146.583
1760,146.667
1761,146.75
1762,146.833
1763,146.917
1764,147
1765,147.083
1766,147.167
1767,147.25
1768,147.333
1769,147.417
1770,147.5
1771,147.583
1772,147.667
1773,147.75
1774,147.833
1775,147.917
1776,148
1777,148.083
1778,148.167
1779,148.25
1780,148.333
1781,148.417
1782,148.5
1783,148.583
1784,148.667
1785,148.75
1786,148.833
1787,148.917
1788,149
1789,149.083
1790,149.167
1791,149.25
1792,149.333
1793,149.417
1794,149.5
1795,149.583
1796,149.667
1797,149.75
1798,149.833
1799,149.917
1800,150
1801,150.083
1802,150.167
1803,150.25
1804,150.333
1805,150.417
1806,150.5
1807,150.583
1808,150.667
1809,150.75
1810,150.833
1811,150.917
1812,151
1813,151.083
1814,151.167
1815,151.25
1816,151.333
1817,151.417
1818,151.5
1819,151.583
1820,151.667
1821,151.75
1822,151.833
1823,151.917
1824,152
1825,152.083
1826,152.167
1827,152.25
1828,152.333
1829,152.417
1830,152.5
1831,152.583
1832,152.667
1833,152.75
1834,152.833
1835,152.917
1836,153
1837,153.083
1838,141.385
1839,141.462
1840,141.538
1841,141.615
1842,141.692
1843,141.769
1844,141.846
1845,141.923
1846,142
1847,142.077
1848,142.154
1849,142.231
1850,142.308
1851,142.385
1852,142.462
1853,142.538
1854,142.615
1855,142.692
1856,142.769
1857,142.846
1858,142.923
1859,143
1860,143.077
1861,143.154
1862,143.231
1863,143.308
1864,143.385
1865,143.462
1866,143.538
1867,143.615
1868,143.692
1869,143.769
1870,143.846
1871,143.923
1872,144
1873,144.077
1874,144.154
1875,144.231
1876,144.308
1877,144.385
1878,144.462
1879,144.538
1880,144.615
1881,144.692
1882,144.769
1883,144.846
1884,144.923
1885,145
1886,145.077
1887,145.154
1888,145.231
1889,145.308
1890,145.385
1891,145.462
1892,145.538
1893,145.615
1894,145.692
1895,145.769
1896,145.846
1897,145.923
1898,146
1899,146.077
1900,146.154
1901,146.231
1902,146.308
1903,146.385
1904,146.462
1905,146.538
1906,146.615
1907,146.692
1908,146.769
1909,146.846
1910,146.923
1911,147
1912,147.077
1913,136.643
1914,136.714
1915,136.786
1916,136.857
1917,136.929
1918,137
1919,137.071
1920,137.143
1921,137.214
1922,137.286
1923,137.357
1924,137.429
1925,137.5
1926,137.571
1927,137.643
1928,137.714
1929,137.786
1930,137.857
1931,137.929
1932,138
1933,138.071
1934,138.143
1935,138.214
1936,138.286
1937,138.357
1938,138.429
1939,138.5
1940,138.571
1941,138.643
1942,138.714
1943,138.786
1944,138.857
1945,138.929
1946,139
1947,139.071
1948,139.143
1949,139.214
1950,139.286
1951,139.357
1952,139.429
1953,139.5
1954,139.571
1955,139.643
1956,139.714
1957,139.786
1958,139.857
1959,139.929
1960,140
1961,140.071
1962,140.143
1963,140.214
1964,140.286
1965,140.357
1966,140.429
1967,140.5
1968,140.571
1969,140.643
1970,140.714
1971,140.786
1972,140.857
1973,140.929
1974,141
1975,141.071
1976,141.143
1977,141.214
1978,141.286
1979,141.357
1980,141.429
1981,141.5
1982,141.571
1983,141.643
1984,132.267
1985,132.333
1986,132.4
1987,132.467
1988,132.533
1989,132.6
1990,132.667
1991,132.733
1992,132.8
1993,132.867
1994,132.933
1995,133
1996,133.067
1997,133.133
1998,133.2
1999,133.267
2000,133.333
2001,133.4
2002,133.467
2003,133.533
2004,133.6
2005,133.667
2006,133.733
2007,133.8
2008,133.867
2009,133.933
2010,134
2011,134.067
2012,134.133
2013,134.2
2014,134.267
2015,134.333
2016,134.4
2017,134.467
2018,134.533
2019,134.6
2020,134.667
2021,134.733
2022,134.8
2023,134.867
2024,134.933
2025,135
2026,135.067
2027,135.133
2028,135.2
2029,135.267
2030,135.333
2031,135.4
2032,135.467
2033,135.533
2034,135.6
2035,135.667
2036,135.733
2037,135.8
2038,135.867
2039,135.933
2040,136
2041,136.067
2042,136.133
2043,136.2
2044,136.267
2045,136.333
2046,136.4
2047,136.467
2048,136.533
2049,136.6
2050,136.667
2051,136.733
2052,136.8
2053,136.867
2054,128.375
2055,128.438
2056,128.5
2057,128.562
2058,128.625
2059,128.688
2060,128.75
2061,128.812
2062,128.875
2063,128.938
2064,129
2065,129.062
2066,129.125
2067,129.188
2068,129.25
2069,129.312
2070,129.375
2071,129.438
2072,129.5
2073,129.562
2074,129.625
2075,129.688
2076,129.75
2077,129.812
2078,129.875
2079,129.938
2080,130
2081,130.062
2082,130.125
2083,130.188
2084,130.25
2085,130.312
2086,130.375
2087,130.438
2088,130.5
2089,130.562
2090,130.625
2091,130.688
2092,130.75
2093,130.812
2094,130.875
2095,130.938
2096,131
2097,131.062
2098,131.125
2099,131.188
2100,131.25
2101,131.312
2102,131.375
2103,131.438
2104,131.5
2105,131.562
2106,131.625
2107,131.688
2108,131.75
2109,131.812
2110,131.875
2111,124.176
2112,124.235
2113,124.294
2114,124.353
2115,124.412
2116,124.471
2117,124.529
2118,124.588
2119,124.647
2120,124.706
2121,124.765
2122,124.824
2123,124.882
2124,124.941
2125,125
2126,125.059
2127,125.118
2128,125.176
2129,125.235
2130,125.294
2131,125.353
2132,125.412
2133,125.471
2134,125.529
2135,125.588
2136,125.647
2137,125.706
2138,125.765
2139,125.824
2140,125.882
2141,125.941
2142,126
2143,126.059
2144,126.118
2145,126.176
2146,126.235
2147,126.294
2148,126.353
2149,126.412
2150,126.471
2151,126.529
2152,126.588
2153,126.647
2154,126.706
2155,126.765
2156,126.824
2157,126.882
2158,126.941
2159,127
2160,127.059
2161,127.118
2162,127.176
2163,127.235
2164,127.294
2165,120.278
2166,120.333
2167,120.389
2168,120.444
2169,120.5
2170,120.556
2171,120.611
2172,120.667
2173,120.722
2174,120.778
2175,120.833
2176,120.889
2177,120.944
2178,121
2179,121.056
2180,121.111
2181,121.167
2182,121.222
2183,121.278
2184,121.333
2185,121.389
2186,121.444
2187,121.5
2188,121.556
2189,121.611
2190,121.667
2191,121.722
2192,121.778
2193,121.833
2194,121.889
2195,121.944
2196,122
2197,122.056
2198,122.111
2199,122.167
2200,122.222
2201,122.278
2202,122.333
2203,122.389
2204,122.444
2205,122.5
2206,122.556
2207,122.611
2208,122.667
2209,122.722
2210,122.778
2211,122.833
2212,122.889
2213,122.944
2214,123
2215,123.056
2216,123.111
2217,123.167
2218,123.222
2219,116.789
2220,116.842
2221,116.895
2222,116.947
2223,117
2224,117.053
2225,117.105
2226,117.158
2227,117.211
2228,117.263
2229,117.316
2230,117.368
2231,117.421
2232,117.474
2233,117.526
2234,117.579
2235,117.632
2236,117.684
2237,117.737
2238,117.789
2239,117.842
2240,117.895
2241,117.947
2242,118
2243,118.053
2244,118.105
2245,118.158
2246,118.211
2247,118.263
2248,118.316
2249,118.368
2250,118.421
2251,118.474
2252,118.526
2253,118.579
2254,118.632
2255,118.684
2256,118.737
2257,118.789
2258,118.842
2259,118.895
2260,118.947
2261,119
2262,119.053
2263,119.105
2264,119.158
2265,119.211
2266,119.263
2267,119.316
2268,119.368
2269,119.421
2270,119.474
2271,119.526
2272,119.579
2273,113.65
2274,113.7
2275,113.75
2276,113.8
2277,113.85
2278,113.9
2279,113.95
2280,114
2281,114.05
2282,114.1
2283,114.15
2284,114.2
2285,114.25
2286,114.3
2287,114.35
2288,114.4
2289,114.45
2290,114.5
2291,114.55
2292,114.6
2293,114.65
2294,114.7
2295,114.75
2296,114.8
2297,114.85
2298,114.9
2299,114.95
2300,115
2301,115.05
2302,115.1
2303,115.15
2304,115.2
2305,115.25
2306,115.3
2307,115.35
2308,115.4
2309,115.45
2310,115.5
2311,115.55
2312,115.6
2313,115.65
2314,115.7
2315,115.75
2316,115.8
2317,115.85
2318,115.9
2319,115.95
2320,116
2321,116.05
2322,116.1
2323,116.15
2324,116.2
2325,116.25
2326,116.3
2327,116.35
2328,110.857
2329,110.905
2330,110.952
2331,111
2332,111.048
2333,111.095
2334,111.143
2335,111.19
2336,111.238
2337,111.286
2338,111.333
2339,111.381
2340,111.429
2341,111.476
2342,111.524
2343,111.571
2344,111.619
2345,111.667
2346,111.714
2347,111.762
2348,111.81
2349,111.857
2350,111.905
2351,111.952
2352,112
2353,112.048
2354,112.095
2355,112.143
2356,112.19
2357,112.238
2358,112.286
2359,112.333
2360,112.381
2361,112.429
2362,112.476
2363,112.524
2364,112.571
2365,112.619
2366,112.667
2367,112.714
2368,112.762
2369,112.81
2370,112.857
2371,112.905
2372,112.952
2373,113
2374,113.048
2375,113.095
2376,113.143
2377,113.19
2378,113.238
2379,113.286
2380,113.333
2381,113.381
2382,113.429
2383,113.476
2384,108.364
2385,108.409
2386,108.455
2387,108.5
2388,108.545
2389,108.591
2390,108.636
2391,108.682
2392,108.727
2393,108.773
2394,108.818
2395,108.864
2396,108.909
2397,108.955
2398,109
2399,109.045
2400,109.091
2401,109.136
2402,109.182
2403,109.227
2404,109.273
2405,109.318
2406,109.364
2407,109.409
2408,109.455
2409,109.5
2410,109.545
2411,109.591
2412,109.636
2413,109.682
2414,109.727
2415,109.773
2416,109.818
2417,109.864
2418,109.909
2419,109.955
2420,110
2421,110.045
2422,110.091
2423,110.136
2424,110.182
2425,110.227
2426,110.273
2427,110.318
2428,110.364
2429,110.409
2430,110.455
2431,110.5
2432,110.545
2433,110.591
2434,110.636
2435,110.682
2436,110.727
2437,110.773
2438,110.818
2439,110.864
2440,110.909
2441,106.13
2442,106.174
2443,106.217
2444,106.261
2445,106.304
2446,106.348
2447,106.391
2448,106.435
2449,106.478
2450,106.522
2451,106.565
2452,106.609
2453,106.652
2454,106.696
2455,106.739
2456,106.783
2457,106.826
2458,106.87
2459,106.913
2460,106.957
2461,107
2462,107.043
2463,107.087
2464,107.13
2465,107.174
2466,107.217
2467,107.261
2468,107.304
2469,107.348
2470,107.391
2471,107.435
2472,107.478
2473,107.522
2474,107.565
2475,107.609
2476,107.652
2477,107.696
2478,107.739
2479,107.783
2480,107.826
2481,107.87
2482,107.913
2483,107.957
2484,108
2485,108.043
2486,108.087
2487,108.13
2488,108.174
2489,108.217
2490,108.261
2491,108.304
2492,108.348
2493,108.391
2494,108.435
2495,108.478
2496,108.522
2497,108.565
2498,108.609
2499,104.125
2500,104.167
2501,104.208
2502,104.25
2503,104.292
2504,104.333
2505,104.375
2506,104.417
2507,104.458
2508,104.5
2509,104.542
2510,104.583
2511,104.625
2512,104.667
2513,104.708
2514,104.75
2515,104.792
2516,104.833
2517,104.875
2518,104.917
2519,104.958
2520,105
2521,105.042
2522,105.083
2523,105.125
2524,105.167
2525,105.208
2526,105.25
2527,105.292
2528,105.333
2529,105.375
2530,105.417
2531,105.458
2532,105.5
2533,105.542
2534,105.583
2535,105.625
2536,105.667
2537,105.708
2538,105.75
2539,105.792
2540,105.833
2541,105.875
2542,105.917
2543,105.958
2544,106
2545,106.042
2546,106.083
2547,106.125
2548,106.167
2549,106.208
2550,106.25
2551,106.292
2552,106.333
2553,106.375
2554,106.417
2555,106.458
2556,102.24
2557,102.28
2558,102.32
2559,102.36
2560,102.4
2561,102.44
2562,102.48
2563,102.52
2564,102.56
2565,102.6
2566,102.64
2567,102.68
2568,102.72
2569,102.76
2570,102.8
2571,102.84
2572,102.88
2573,102.92
2574,102.96
2575,103
2576,103.04
2577,103.08
2578,103.12
2579,103.16
2580,103.2
2581,103.24
2582,103.28
2583,103.32
2584,103.36
2585,103.4
2586,103.44
2587,103.48
2588,103.52
2589,103.56
2590,103.6
2591,103.64
2592,103.68
2593,103.72
2594,103.76
2595,103.8
2596,103.84
2597,103.88
2598,103.92
2599,103.96
2600,104
2601,104.04
2602,104.08
2603,104.12
2604,104.16
2605,104.2
2606,104.24
2607,104.28
2608,104.32
2609,104.36
2610,100.385
2611,100.423
2612,100.462
2613,100.5
2614,100.538
2615,100.577
2616,100.615
2617,100.654
2618,100.692
2619,100.731
2620,100.769
2621,100.808
2622,100.846
2623,100.885
2624,100.923
2625,100.962
2626,101
2627,101.038
2628,101.077
2629,101.115
2630,101.154
2631,101.192
2632,101.231
2633,101.269
2634,101.308
2635,101.346
2636,101.385
2637,101.423
2638,101.462
2639,101.5
2640,101.538
2641,101.577
2642,101.615
2643,101.654
2644,101.692
2645,101.731
2646,101.769
2647,101.808
2648,101.846
2649,101.885
2650,101.923
2651,101.962
2652,102
2653,102.038
2654,102.077
2655,102.115
2656,102.154
2657,102.192
2658,102.231
2659,102.269
2660,102.308
2661,102.346
2662,102.385
2663,102.423
2664,102.462
2665,98.7037
2666,98.7407
2667,98.7778
2668,98.8148
2669,98.8519
2670,98.8889
2671,98.9259
2672,98.963
2673,99
2674,99.037
2675,99.0741
2676,99.1111
2677,99.1481
2678,99.1852
2679,99.2222
2680,99.2593
2681,99.2963
2682,99.3333
2683,99.3704
2684,99.4074
2685,99.4444
2686,99.4815
2687,99.5185
2688,99.5556
2689,99.5926
2690,99.6296
2691,99.6667
2692,99.7037
2693,99.7407
2694,99.7778
2695,99.8148
2696,99.8519
2697,99.8889
2698,99.9259
2699,99.963
2700,100
2701,100.037
2702,100.074
2703,100.111
2704,100.148
2705,100.185
2706,100.222
2707,100.259
2708,100.296
2709,100.333
2710,100.37
2711,100.407
2712,100.444
2713,100.481
2714,100.519
2715,100.556
2716,100.593
2717,100.63
2718,100.667
2719,100.704
2720,97.1429
2721,97.1786
2722,97.2143
2723,97.25
2724,97.2857
2725,97.3214
2726,97.3571
2727,97.3929
2728,97.4286
2729,97.4643
2730,97.5
2731,97.5357
2732,97.5714
2733,97.6071
2734,97.6429
2735,97.6786
2736,97.7143
2737,97.75
2738,97.7857
2739,97.8214
2740,97.8571
2741,97.8929
2742,97.9286
2743,97.9643
2744,98
2745,98.0357
2746,98.0714
2747,98.1071
2748,98.1429
2749,98.1786
2750,98.2143
2751,98.25
2752,98.2857
2753,98.3214
2754,98.3571
2755,98.3929
2756,98.4286
2757,98.4643
2758,98.5
2759,98.5357
2760,98.5714
2761,98.6071
2762,98.6429
2763,98.6786
2764,98.7143
2765,98.75
2766,98.7857
2767,98.8214
2768,98.8571
2769,98.8929
2770,98.9286
2771,98.9643
2772,99
2773,95.6207
2774,95.6552
2775,95.6897
2776,95.7241
2777,95.7586
2778,95.7931
2779,95.8276
2780,95.8621
2781,95.8966
2782,95.931
2783,95.9655
2784,96
2785,96.0345
2786,96.069
2787,96.1034
2788,96.1379
2789,96.1724
2790,96.2069
2791,96.2414
2792,96.2759
2793,96.3103
2794,96.3448
2795,96.3793
2796,96.4138
2797,96.4483
2798,96.4828
2799,96.5172
2800,96.5517
2801,96.5862
2802,96.6207
2803,96.6552
2804,96.6897
2805,96.7241
2806,96.7586
2807,96.7931
2808,96.8276
2809,96.8621
2810,96.8966
2811,96.931
2812,96.9655
2813,97
2814,97.0345
2815,97.069
2816,97.1034
2817,97.1379
2818,97.1724
2819,97.2069
2820,97.2414
2821,97.2759
2822,97.3103
2823,97.3448
2824,97.3793
2825,94.1667
2826,94.2
2827,94.2333
2828,94.2667
2829,94.3
2830,94.3333
2831,94.3667
2832,94.4
2833,94.4333
2834,94.4667
2835,94.5
2836,94.5333
2837,94.5667
2838,94.6
2839,94.6333
2840,94.6667
2841,94.7
2842,94.7333
2843,94.7667
2844,94.8
2845,94.8333
2846,94.8667
2847,94.9
2848,94.9333
2849,94.9667
2850,95
2851,95.0333
2852,95.0667
2853,95.1
2854,95.1333
2855,95.1667
2856,95.2
2857,95.2333
2858,95.2667
2859,95.3
2860,95.3333
2861,95.3667
2862,95.4
2863,95.4333
2864,95.4667
2865,95.5
2866,95.5333
2867,95.5667
2868,95.6
2869,95.6333
2870,95.6667
2871,95.7
2872,95.7333
2873,95.7667
2874,92.7097
2875,92.7419
2876,92.7742
2877,92.8065
2878,92.8387
2879,92.871
2880,92.9032
2881,92.9355
2882,92.9677
2883,93
2884,93.0323
2885,93.0645
2886,93.0968
2887,93.129
2888,93.1613
2889,93.1935
2890,93.2258
2891,93.2581
2892,93.2903
2893,93.3226
2894,93.3548
2895,93.3871
2896,93.4194
2897,93.4516
2898,93.4839
2899,93.5161
2900,93.5484
2901,93.5806
2902,93.6129
2903,93.6452
2904,93.6774
2905,93.7097
2906,93.7419
2907,93.7742
2908,93.8065
2909,93.8387
2910,93.871
2911,93.9032
2912,93.9355
2913,93.9677
2914,94
2915,94.0323
2916,94.0645
2917,94.0968
2918,94.129
2919,94.1613
2920,94.1935
2921,94.2258
2922,94.2581
2923,94.2903
2924,91.375
2925,91.4062
2926,91.4375
2927,91.4688
2928,91.5
2929,91.5312
2930,91.5625
2931,91.5938
2932,91.625
2933,91.6562
2934,91.6875
2935,91.7188
2936,91.75
2937,91.7812
2938,91.8125
2939,91.8438
2940,91.875
2941,91.9062
2942,91.9375
2943,91.9688
2944,92
2945,92.0312
2946,92.0625
2947,92.0938
2948,92.125
2949,92.1562
2950,92.1875
2951,92.2188
2952,92.25
2953,92.2812
2954,92.3125
2955,92.3438
2956,92.375
2957,92.4062
2958,92.4375
2959,92.4688
2960,92.5
2961,92.5312
2962,92.5625
2963,92.5938
2964,92.625
2965,92.6562
2966,92.6875
2967,92.7188
2968,92.75
2969,92.7812
2970,92.8125
2971,92.8438
2972,92.875
2973,92.9062
2974,92.9375
2975,90.1515
2976,90.1818
2977,90.2121
2978,90.2424
2979,90.2727
2980,90.303
2981,90.3333
2982,90.3636
2983,90.3939
2984,90.4242
2985,90.4545
2986,90.4848
2987,90.5152
2988,90.5455
2989,90.5758
2990,90.6061
2991,90.6364
2992,90.6667
2993,90.697
2994,90.7273
2995,90.7576
2996,90.7879
2997,90.8182
2998,90.8485
2999,90.8788
3000,90.9091
3001,90.9394
3002,90.9697
3003,91
3004,91.0303
3005,91.0606
3006,91.0909
3007,91.1212
3008,91.1515
3009,91.1818
3010,91.2121
3011,91.2424
3012,91.2727
3013,91.303
3014,91.3333
3015,91.3636
3016,91.3939
3017,91.4242
3018,91.4545
3019,91.4848
3020,91.5152
3021,91.5455
3022,91.5758
3023,88.9118
3024,88.9412
3025,88.9706
3026,89
3027,89.0294
3028,89.0588
3029,89.0882
3030,89.1176
3031,89.1471
3032,89.1765
3033,89.2059
3034,89.2353
3035,89.2647
3036,89.2941
3037,89.3235
3038,89.3529
3039,89.3824
3040,89.4118
3041,89.4412
3042,89.4706
3043,89.5
3044,89.5294
3045,89.5588
3046,89.5882
3047,89.6176
3048,89.6471
3049,89.6765
3050,89.7059
3051,89.7353
3052,89.7647
3053,89.7941
3054,89.8235
3055,89.8529
3056,89.8824
3057,89.9118
3058,89.9412
3059,89.9706
3060,90
3061,90.0294
3062,90.0588
3063,90.0882
3064,90.1176
3065,90.1471
3066,90.1765
3067,90.2059
3068,90.2353
3069,90.2647
3070,87.7143
3071,87.7429
3072,87.7714
3073,87.8
3074,87.8286
3075,87.8571
3076,87.8857
3077,87.9143
3078,87.9429
3079,87.9714
3080,88
3081,88.0286
3082,88.0571
3083,88.0857
3084,88.1143
3085,88.1429
3086,88.1714
3087,88.2
3088,88.2286
3089,88.2571
3090,88.2857
3091,88.3143
3092,88.3429
3093,88.3714
3094,88.4
3095,88.4286
3096,88.4571
3097,88.4857
3098,88.5143
3099,88.5429
3100,88.5714
3101,88.6
3102,88.6286
3103,88.6571
3104,88.6857
3105,88.7143
3106,88.7429
3107,88.7714
3108,88.8
3109,88.8286
3110,88.8571
3111,88.8857
3112,88.9143
3113,88.9429
3114,88.9714
3115,89
3116,89.0286
3117,89.0571
3118,86.6111
3119,86.6389
3120,86.6667
3121,86.6944
3122,86.7222
3123,86.75
3124,86.7778
3125,86.8056
3126,86.8333
3127,86.8611
3128,86.8889
3129,86.9167
3130,86.9444
3131,86.9722
3132,87
3133,87.0278
3134,87.0556
3135,87.0833
3136,87.1111
3137,87.1389
3138,87.1667
3139,87.1944
3140,87.2222
3141,87.25
3142,87.2778
3143,87.3056
3144,87.3333
3145,87.3611
3146,87.3889
3147,87.4167
3148,87.4444
3149,87.4722
3150,87.5
3151,87.5278
3152,87.5556
3153,87.5833
3154,87.6111
3155,87.6389
3156,87.6667
3157,87.6944
3158,87.7222
3159,87.75
3160,87.7778
3161,87.8056
3162,85.4595
3163,85.4865
3164,85.5135
3165,85.5405
3166,85.5676
3167,85.5946
3168,85.6216
3169,85.6486
3170,85.6757
3171,85.7027
3172,85.7297
3173,85.7568
3174,85.7838
3175,85.8108
3176,85.8378
3177,85.8649
3178,85.8919
3179,85.9189
3180,85.9459
3181,85.973
3182,86
3183,86.027
3184,86.0541
3185,86.0811
3186,86.1081
3187,86.1351
3188,86.1622
3189,86.1892
3190,86.2162
3191,86.2432
3192,86.2703
3193,86.2973
3194,86.3243
3195,86.3514
3196,86.3784
3197,86.4054
3198,86.4324
3199,86.4595
3200,86.4865
3201,86.5135
3202,86.5405
3203,86.5676
3204,86.5946
3205,86.6216
3206,84.3684
3207,84.3947
3208,84.4211
3209,84.4474
3210,84.4737
3211,84.5
3212,84.5263
3213,84.5526
3214,84.5789
3215,84.6053
3216,84.6316
3217,84.6579
3218,84.6842
3219,84.7105
3220,84.7368
3221,84.7632
3222,84.7895
3223,84.8158
3224,84.8421
3225,84.8684
3226,84.8947
3227,84.9211
3228,84.9474
3229,84.9737
3230,85
3231,85.0263
3232,85.0526
3233,85.0789
3234,85.1053
3235,85.1316
3236,85.1579
3237,85.1842
3238,85.2105
3239,85.2368
3240,85.2632
3241,85.2895
3242,85.3158
3243,85.3421
3244,85.3684
3245,85.3947
3246,83.2308
3247,83.2564
3248,83.2821
3249,83.3077
3250,83.3333
3251,83.359
3252,83.3846
3253,83.4103
3254,83.4359
3255,83.4615
3256,83.4872
3257,83.5128
3258,83.5385
3259,83.5641
3260,83.5897
3261,83.6154
3262,83.641
3263,83.6667
3264,83.6923
3265,83.7179
3266,83.7436
3267,83.7692
3268,83.7949
3269,83.8205
3270,83.8462
3271,83.8718
3272,83.8974
3273,83.9231
3274,83.9487
3275,83.9744
3276,84
3277,84.0256
3278,84.0513
3279,84.0769
3280,84.1026
3281,84.1282
3282,84.1538
3283,84.1795
3284,84.2051
3285,84.2308
3286,84.2564
3287,82.175
3288,82.2
3289,82.225
3290,82.25
3291,82.275
3292,82.3
3293,82.325
3294,82.35
3295,82.375
3296,82.4
3297,82.425
3298,82.45
3299,82.475
3300,82.5
3301,82.525
3302,82.55
3303,82.575
3304,82.6
3305,82.625
3306,82.65
3307,82.675
3308,82.7
3309,82.725
3310,82.75
3311,82.775
3312,82.8
3313,82.825
3314,82.85
3315,82.875
3316,82.9
3317,82.925
3318,82.95
3319,82.975
3320,83
3321,83.025
3322,83.05
3323,83.075
3324,83.1
3325,83.125
3326,83.15
3327,81.1463
3328,81.1707
3329,81.1951
3330,81.2195
3331,81.2439
3332,81.2683
3333,81.2927
3334,81.3171
3335,81.3415
3336,81.3659
3337,81.3902
3338,81.4146
3339,81.439
3340,81.4634
3341,81.4878
3342,81.5122
3343,81.5366
3344,81.561
3345,81.5854
3346,81.6098
3347,81.6341
3348,81.6585
3349,81.6829
3350,81.7073
3351,81.7317
3352,81.7561
3353,81.7805
3354,81.8049
3355,81.8293
3356,81.8537
3357,81.878
3358,81.9024
3359,81.9268
3360,81.9512
3361,81.9756
3362,82
3363,82.0244
3364,82.0488
3365,82.0732
3366,82.0976
3367,80.1667
3368,80.1905
3369,80.2143
3370,80.2381
3371,80.2619
3372,80.2857
3373,80.3095
3374,80.3333
3375,80.3571
3376,80.381
3377,80.4048
3378,80.4286
3379,80.4524
3380,80.4762
3381,80.5
3382,80.5238
3383,80.5476
3384,80.5714
3385,80.5952
3386,80.619
3387,80.6429
3388,80.6667
3389,80.6905
3390,80.7143
3391,80.7381
3392,80.7619
3393,80.7857
3394,80.8095
3395,80.8333
3396,80.8571
3397,80.881
3398,80.9048
3399,80.9286
3400,80.9524
3401,80.9762
3402,81
3403,81.0238
3404,81.0476
3405,81.0714
3406,79.2093
3407,79.2326
3408,79.2558
3409,79.2791
3410,79.3023
3411,79.3256
3412,79.3488
3413,79.3721
3414,79.3953
3415,79.4186
3416,79.4419
3417,79.4651
3418,79.4884
3419,79.5116
3420,79.5349
3421,79.5581
3422,79.5814
3423,79.6047
3424,79.6279
3425,79.6512
3426,79.6744
3427,79.6977
3428,79.7209
3429,79.7442
3430,79.7674
3431,79.7907
3432,79.814
3433,79.8372
3434,79.8605
3435,79.8837
3436,79.907
3437,79.9302
3438,79.9535
3439,79.9767
3440,80
3441,80.0233
3442,80.0465
3443,80.0698
3444,80.093
3445,80.1163
3446,80.1395
3447,78.3409
3448,78.3636
3449,78.3864
3450,78.4091
3451,78.4318
3452,78.4545
3453,78.4773
3454,78.5
3455,78.5227
3456,78.5455
3457,78.5682
3458,78.5909
3459,78.6136
3460,78.6364
3461,78.6591
3462,78.6818
3463,78.7045
3464,78.7273
3465,78.75
3466,78.7727
3467,78.7955
3468,78.8182
3469,78.8409
3470,78.8636
3471,78.8864
3472,78.9091
3473,78.9318
3474,78.9545
3475,78.9773
3476,79
3477,79.0227
3478,79.0455
3479,79.0682
3480,79.0909
3481,79.1136
3482,79.1364
3483,79.1591
3484,79.1818
3485,79.2045
3486,79.2273
3487,77.4889
3488,77.5111
3489,77.5333
3490,77.5556
3491,77.5778
3492,77.6
3493,77.6222
3494,77.6444
3495,77.6667
3496,77.6889
3497,77.7111
3498,77.7333
3499,77.7556
3500,77.7778
3501,77.8
3502,77.8222
3503,77.8444
3504,77.8667
3505,77.8889
3506,77.9111
3507,77.9333
3508,77.9556
3509,77.9778
3510,78
3511,78.0222
3512,78.0444
3513,78.0667
3514,78.0889
3515,78.1111
3516,78.1333
3517,78.1556
3518,78.1778
3519,78.2
3520,78.2222
3521,78.2444
3522,78.2667
3523,78.2889
3524,78.3111
3525,78.3333
3526,78.3556
3527,76.6739
3528,76.6957
3529,76.7174
3530,76.7391
3531,76.7609
3532,76.7826
3533,76.8043
3534,76.8261
3535,76.8478
3536,76.8696
3537,76.8913
3538,76.913
3539,76.9348
3540,76.9565
3541,76.9783
3542,77
3543,77.0217
3544,77.0435
3545,77.0652
3546,77.087
3547,77.1087
3548,77.1304
3549,77.1522
3550,77.1739
3551,77.1957
3552,77.2174
3553,77.2391
3554,77.2609
3555,77.2826
3556,77.3043
3557,77.3261
3558,77.3478
3559,77.3696
3560,77.3913
3561,77.413
3562,77.4348
3563,77.4565
3564,77.4783
3565,77.5
3566,77.5217
3567,75.8936
3568,75.9149
3569,75.9362
3570,75.9574
3571,75.9787
3572,76
3573,76.0213
3574,76.0426
3575,76.0638
3576,76.0851
3577,76.1064
3578,76.1277
3579,76.1489
3580,76.1702
3581,76.1915
3582,76.2128
3583,76.234
3584,76.2553
3585,76.2766
3586,76.2979
3587,76.3191
3588,76.3404
3589,76.3617
3590,76.383
3591,76.4043
3592,76.4255
3593,76.4468
3594,76.4681
3595,76.4894
3596,76.5106
3597,76.5319
3598,76.5532
3599,76.5745
3600,76.5957
3601,76.617
3602,76.6383
3603,76.6596
3604,76.6809
3605,76.7021
3606,75.125
3607,75.1458
3608,75.1667
3609,75.1875
3610,75.2083
3611,75.2292
3612,75.25
3613,75.2708
3614,75.2917
3615,75.3125
3616,75.3333
3617,75.3542
3618,75.375
3619,75.3958
3620,75.4167
3621,75.4375
3622,75.4583
3623,75.4792
3624,75.5
3625,75.5208
3626,75.5417
3627,75.5625
3628,75.5833
3629,75.6042
3630,75.625
3631,75.6458
3632,75.6667
3633,75.6875
3634,75.7083
3635,75.7292
3636,75.75
3637,75.7708
3638,75.7917
3639,75.8125
3640,75.8333
3641,75.8542
3642,75.875
3643,74.3469
3644,74.3673
3645,74.3878
3646,74.4082
3647,74.4286
3648,74.449
3649,74.4694
3650,74.4898
3651,74.5102
3652,74.5306
3653,74.551
3654,74.5714
3655,74.5918
3656,74.6122
3657,74.6327
3658,74.6531
3659,74.6735
3660,74.6939
3661,74.7143
3662,74.7347
3663,74.7551
3664,74.7755
3665,74.7959
3666,74.8163
3667,74.8367
3668,74.8571
3669,74.8776
3670,74.898
3671,74.9184
3672,74.9388
3673,74.9592
3674,74.9796
3675,75
3676,75.0204
3677,75.0408
3678,75.0612
3679,75.0816
3680,75.102
3681,75.1224
3682,73.64
3683,73.66
3684,73.68
3685,73.7
3686,73.72
3687,73.74
3688,73.76
3689,73.78
3690,73.8
3691,73.82
3692,73.84
3693,73.86
3694,73.88
3695,73.9
3696,73.92
3697,73.94
3698,73.96
3699,73.98
3700,74
3701,74.02
3702,74.04
3703,74.06
3704,74.08
3705,74.1
3706,74.12
3707,74.14
3708,74.16
3709,74.18
3710,74.2
3711,74.22
3712,74.24
3713,74.26
3714,74.28
3715,74.3
3716,74.32
3717,74.34
3718,74.36
3719,74.38
3720,74.4
3721,72.9608
3722,72.9804
3723,73
3724,73.0196
3725,73.0392
3726,73.0588
3727,73.0784
3728,73.098
3729,73.1176
3730,73.1373
3731,73.1569
3732,73.1765
3733,73.1961
3734,73.2157
3735,73.2353
3736,73.2549
3737,73.2745
3738,73.2941
3739,73.3137
3740,73.3333
3741,73.3529
3742,73.3725
3743,73.3922
3744,73.4118
3745,73.4314
3746,73.451
3747,73.4706
3748,73.4902
3749,73.5098
3750,73.5294
3751,73.549
3752,73.5686
3753,73.5882
3754,73.6078
3755,73.6275
3756,73.6471
3757,73.6667
3758,73.6863
3759,72.2885
3760,72.3077
3761,72.3269
3762,72.3462
3763,72.3654
3764,72.3846
3765,72.4038
3766,72.4231
3767,72.4423
3768,72.4615
3769,72.4808
3770,72.5
3771,72.5192
3772,72.5385
3773,72.5577
3774,72.5769
3775,72.5962
3776,72.6154
3777,72.6346
3778,72.6538
3779,72.6731
3780,72.6923
3781,72.7115
3782,72.7308
3783,72.75
3784,72.7692
3785,72.7885
3786,72.8077
3787,72.8269
3788,72.8462
3789,72.8654
3790,72.8846
3791,72.9038
3792,72.9231
3793,72.9423
3794,72.9615
3795,72.9808
3796,73
3797,73.0192
3798,73.0385
3799,71.6792
3800,71.6981
3801,71.717
3802,71.7358
3803,71.7547
3804,71.7736
3805,71.7925
3806,71.8113
3807,71.8302
3808,71.8491
3809,71.8679
3810,71.8868
3811,71.9057
3812,71.9245
3813,71.9434
3814,71.9623
3815,71.9811
3816,72
3817,72.0189
3818,72.0377
3819,72.0566
3820,72.0755
3821,72.0943
3822,72.1132
3823,72.1321
3824,72.1509
3825,72.1698
3826,72.1887
3827,72.2075
3828,72.2264
3829,72.2453
3830,72.2642
3831,72.283
3832,72.3019
3833,72.3208
3834,72.3396
3835,72.3585
3836,72.3774
3837,71.0556
3838,71.0741
3839,71.0926
3840,71.1111
3841,71.1296
3842,71.1481
3843,71.1667
3844,71.1852
3845,71.2037
3846,71.2222
3847,71.2407
3848,71.2593
3849,71.2778
3850,71.2963
3851,71.3148
3852,71.3333
3853,71.3519
3854,71.3704
3855,71.3889
3856,71.4074
3857,71.4259
3858,71.4444
3859,71.463
3860,71.4815
3861,71.5
3862,71.5185
3863,71.537
3864,71.5556
3865,71.5741
3866,71.5926
3867,71.6111
3868,71.6296
3869,71.6481
3870,71.6667
3871,71.6852
3872,71.7037
3873,71.7222
3874,71.7407
3875,71.7593
3876,71.7778
3877,71.7963
3878,70.5091
3879,70.5273
3880,70.5455
3881,70.5636
3882,70.5818
3883,70.6
3884,70.6182
3885,70.6364
3886,70.6545
3887,70.6727
3888,70.6909
3889,70.7091
3890,70.7273
3891,70.7455
3892,70.7636
3893,70.7818
3894,70.8
3895,70.8182
3896,70.8364
3897,70.8545
3898,70.8727
3899,70.8909
3900,70.9091
3901,70.9273
3902,70.9455
3903,70.9636
3904,70.9818
3905,71
3906,71.0182
3907,71.0364
3908,71.0545
3909,71.0727
3910,71.0909
3911,71.1091
3912,71.1273
3913,71.1455
3914,71.1636
3915,71.1818
3916,71.2
3917,71.2182
3918,69.9643
3919,69.9821
3920,70
3921,70.0179
3922,70.0357
3923,70.0536
3924,70.0714
3925,70.0893
3926,70.1071
3927,70.125
3928,70.1429
3929,70.1607
3930,70.1786
3931,70.1964
3932,70.2143
3933,70.2321
3934,70.25
3935,70.2679
3936,70.2857
3937,70.3036
3938,70.3214
3939,70.3393
3940,70.3571
3941,70.375
3942,70.3929
3943,70.4107
3944,70.4286
3945,70.4464
3946,70.4643
3947,70.4821
3948,70.5
3949,70.5179
3950,70.5357
3951,70.5536
3952,70.5714
3953,70.5893
3954,70.6071
3955,70.625
3956,70.6429
3957,70.6607
3958,69.4386
3959,69.4561
3960,69.4737
3961,69.4912
3962,69.5088
3963,69.5263
3964,69.5439
3965,69.5614
3966,69.5789
3967,69.5965
3968,69.614
3969,69.6316
3970,69.6491
3971,69.6667
3972,69.6842
3973,69.7018
3974,69.7193
3975,69.7368
3976,69.7544
3977,69.7719
3978,69.7895
3979,69.807
3980,69.8246
3981,69.8421
3982,69.8596
3983,69.8772
3984,69.8947
3985,69.9123
3986,69.9298
3987,69.9474
3988,69.9649
3989,69.9825
3990,70
3991,70.0175
3992,70.0351
3993,70.0526
3994,70.0702
3995,70.0877
3996,70.1053
3997,70.1228
3998,68.931
3999,68.9483
