Iteration, Estimate
0,180.781
1,128.125
2,128.127
3,128.128
4,128.129
5,128.13
6,128.131
7,128.132
8,128.133
9,128.134
10,128.136
11,128.137
12,128.138
13,128.139
14,128.14
15,128.141
16,128.143
17,128.144
18,128.145
19,128.146
20,128.147
21,128.149
22,128.15
23,128.151
24,128.152
25,128.154
26,128.155
27,128.156
28,128.158
29,128.159
30,128.16
31,128.162
32,128.163
33,128.164
34,128.166
35,128.167
36,128.168
37,128.17
38,128.171
39,128.173
40,128.174
41,128.175
42,128.177
43,128.178
44,128.18
45,128.181
46,128.183
47,128.184
48,128.186
49,128.187
50,128.189
51,128.19
52,128.192
53,128.193
54,128.195
55,128.196
56,128.198
57,128.2
58,128.201
59,128.203
60,128.204
61,128.206
62,128.208
63,128.209
64,128.211
65,128.213
66,128.214
67,128.216
68,128.218
69,128.219
70,128.221
71,128.223
72,128.225
73,128.226
74,128.228
75,128.23
76,128.232
77,128.233
78,128.235
79,128.237
80,128.239
81,128.241
82,128.242
83,128.244
84,128.246
85,128.248
86,128.25
87,128.252
88,128.254
89,128.255
90,128.257
91,128.259
92,128.261
93,128.263
94,128.265
95,128.267
96,128.269
97,128.271
98,128.273
99,128.275
100,128.277
101,104.939
102,104.94
103,104.942
104,104.943
105,104.944
106,104.946
107,104.947
108,104.949
109,104.95
110,104.951
111,104.953
112,104.954
113,104.956
114,104.957
115,104.959
116,104.96
117,104.962
118,104.963
119,104.965
120,104.966
121,104.968
122,104.969
123,104.971
124,104.972
125,104.974
126,104.975
127,104.977
128,104.978
129,104.98
130,104.982
131,104.983
132,104.985
133,104.987
134,104.988
135,104.99
136,104.991
137,104.993
138,104.995
139,104.996
140,104.998
141,105
142,105.002
143,105.003
144,105.005
145,105.007
146,105.008
147,105.01
148,105.012
149,105.014
150,105.015
151,105.017
152,105.019
153,105.021
154,105.023
155,105.024
156,105.026
157,105.028
158,105.03
159,105.032
160,105.034
161,105.036
162,105.037
163,105.039
164,105.041
165,105.043
166,105.045
167,105.047
168,105.049
169,105.051
170,105.053
171,105.055
172,105.057
173,105.059
174,105.061
175,105.063
176,105.065
177,105.067
178,105.069
179,105.071
180,105.073
181,105.075
182,105.077
183,105.079
184,105.081
185,105.083
186,105.085
187,105.088
188,105.09
189,105.092
190,105.094
191,105.096
192,105.098
193,105.1
194,105.103
195,105.105
196,105.107
197,105.109
198,105.111
199,105.114
200,105.116
201,91.1822
202,91.1839
203,91.1856
204,91.1874
205,91.1891
206,91.1908
207,91.1925
208,91.1943
209,91.196
210,91.1978
211,91.1996
212,91.2014
213,91.2031
214,91.2049
215,91.2067
216,91.2086
217,91.2104
218,91.2122
219,91.2141
220,91.2159
221,91.2178
222,91.2196
223,91.2215
224,91.2234
225,91.2253
226,91.2272
227,91.2291
228,91.231
229,91.2329
230,91.2349
231,91.2368
232,91.2388
233,91.2407
234,91.2427
235,91.2447
236,91.2467
237,91.2487
238,91.2507
239,91.2527
240,91.2547
241,91.2568
242,91.2588
243,91.2609
244,91.2629
245,91.265
246,91.2671
247,91.2692
248,91.2713
249,91.2734
250,91.2755
251,91.2776
252,91.2798
253,91.2819
254,91.2841
255,91.2863
256,91.2884
257,91.2906
258,91.2928
259,91.295
260,91.2972
261,91.2994
262,91.3017
263,91.3039
264,91.3062
265,91.3084
266,91.3107
267,91.313
268,91.3153
269,91.3176
270,91.3199
271,91.3222
272,91.3245
273,91.3268
274,91.3292
275,91.3316
276,91.3339
277,91.3363
278,91.3387
279,91.3411
280,91.3435
281,91.3459
282,91.3483
283,91.3508
284,91.3532
285,91.3557
286,91.3581
287,91.3606
288,91.3631
289,91.3656
290,91.3681
291,91.3706
292,91.3731
293,91.3757
294,91.3782
295,91.3808
296,91.3833
297,91.3859
298,91.3885
299,91.3911
300,91.3937
301,81.8567
302,81.8588
303,81.8609
304,81.863
305,81.8651
306,81.8673
307,81.8694
308,81.8716
309,81.8738
310,81.8759
311,81.8781
312,81.8803
313,81.8825
314,81.8847
315,81.887
316,81.8892
317,81.8914
318,81.8937
319,81.896
320,81.8982
321,81.9005
322,81.9028
323,81.9051
324,81.9074
325,81.9098
326,81.9121
327,81.9144
328,81.9168
329,81.9191
330,81.9215
331,81.9239
332,81.9263
333,81.9287
334,81.9311
335,81.9335
336,81.9359
337,81.9384
338,81.9408
339,81.9433
340,81.9458
341,81.9483
342,81.9508
343,81.9533
344,81.9558
345,81.9583
346,81.9608
347,81.9634
348,81.9659
349,81.9685
350,81.9711
351,81.9737
352,81.9763
353,81.9789
354,81.9815
355,81.9841
356,81.9867
357,81.9894
358,81.9921
359,81.9947
360,81.9974
361,82.0001
362,82.0028
363,82.0055
364,82.0083
365,82.011
366,82.0137
367,82.0165
368,82.0193
369,82.022
370,82.0248
371,82.0276
372,82.0305
373,82.0333
374,82.0361
375,82.039
376,82.0418
377,82.0447
378,82.0476
379,82.0505
380,82.0534
381,82.0563
382,82.0592
383,82.0621
384,82.0651
385,82.0681
386,82.071
387,82.074
388,82.077
389,82.08
390,82.083
391,82.0861
392,82.0891
393,82.0922
394,82.0952
395,82.0983
396,82.1014
397,82.1045
398,82.1076
399,82.1107
400,82.1139
401,75.0387
402,75.0413
403,75.0439
404,75.0466
405,75.0493
406,75.0519
407,75.0546
408,75.0573
409,75.06
410,75.0628
411,75.0655
412,75.0683
413,75.071
414,75.0738
415,75.0766
416,75.0794
417,75.0822
418,75.085
419,75.0878
420,75.0906
421,75.0935
422,75.0964
423,75.0992
424,75.1021
425,75.105
426,75.1079
427,75.1109
428,75.1138
429,75.1167
430,75.1197
431,75.1227
432,75.1257
433,75.1286
434,75.1317
435,75.1347
436,75.1377
437,75.1408
438,75.1438
439,75.1469
440,75.15
441,75.1531
442,75.1562
443,75.1593
444,75.1624
445,75.1656
446,75.1687
447,75.1719
448,75.1751
449,75.1783
450,75.1815
451,75.1847
452,75.1879
453,75.1912
454,75.1944
455,75.1977
456,75.201
457,75.2043
458,75.2076
459,75.2109
460,75.2143
461,75.2176
462,75.221
463,75.2244
464,75.2278
465,75.2312
466,75.2346
467,75.238
468,75.2415
469,75.2449
470,75.2484
471,75.2519
472,75.2554
473,75.2589
474,75.2624
475,75.266
476,75.2695
477,75.2731
478,75.2767
479,75.2803
480,75.2839
481,75.2875
482,75.2912
483,75.2948
484,75.2985
485,75.3022
486,75.3059
487,75.3096
488,75.3133
489,75.3171
490,75.3208
491,75.3246
492,75.3284
493,75.3322
494,75.336
495,75.3398
496,75.3437
497,75.3475
498,75.3514
499,75.3553
500,75.3592
501,69.8158
502,69.8191
503,69.8225
504,69.8259
505,69.8293
506,69.8328
507,69.8362
508,69.8397
509,69.8431
510,69.8466
511,69.8501
512,69.8536
513,69.8572
514,69.8607
515,69.8643
516,69.8678
517,69.8714
518,69.875
519,69.8787
520,69.8823
521,69.8859
522,69.8896
523,69.8933
524,69.897
525,69.9007
526,69.9044
527,69.9081
528,69.9119
529,69.9157
530,69.9195
531,69.9233
532,69.9271
533,69.9309
534,69.9348
535,69.9386
536,69.9425
537,69.9464
538,69.9503
539,69.9542
540,69.9582
541,69.9622
542,69.9661
543,69.9701
544,69.9741
545,69.9782
546,69.9822
547,69.9863
548,69.9903
549,69.9944
550,69.9985
551,70.0027
552,70.0068
553,70.011
554,70.0151
555,70.0193
556,70.0235
557,70.0278
558,70.032
559,70.0363
560,70.0405
561,70.0448
562,70.0492
563,70.0535
564,70.0578
565,70.0622
566,70.0666
567,70.071
568,70.0754
569,70.0798
570,70.0843
571,70.0888
572,70.0933
573,70.0978
574,70.1023
575,70.1068
576,70.1114
577,70.116
578,70.1206
579,70.1252
580,70.1298
581,70.1345
582,70.1392
583,70.1438
584,70.1486
585,70.1533
586,70.158
587,70.1628
588,70.1676
589,70.1724
590,70.1772
591,70.1821
592,70.1869
593,70.1918
594,70.1967
595,70.2016
596,70.2066
597,70.2115
598,70.2165
599,70.2215
600,70.2265
601,65.7008
602,65.7052
603,65.7096
604,65.7141
605,65.7185
606,65.723
607,65.7276
608,65.7321
609,65.7366
610,65.7412
611,65.7458
612,65.7504
613,65.755
614,65.7597
615,65.7644
616,65.769
617,65.7738
618,65.7785
619,65.7832
620,65.788
621,65.7928
622,65.7976
623,65.8024
624,65.8073
625,65.8121
626,65.817
627,65.8219
628,65.8269
629,65.8318
630,65.8368
631,65.8418
632,65.8468
633,65.8518
634,65.8569
635,65.8619
636,65.867
637,65.8722
638,65.8773
639,65.8825
640,65.8876
641,65.8928
642,65.8981
643,65.9033
644,65.9086
645,65.9139
646,65.9192
647,65.9245
648,65.9299
649,65.9353
650,65.9407
651,65.9461
652,65.9515
653,65.957
654,65.9625
655,65.968
656,65.9735
657,65.9791
658,65.9847
659,65.9903
660,65.9959
661,66.0015
662,66.0072
663,66.0129
664,66.0186
665,66.0244
666,66.0301
667,66.0359
668,66.0418
669,66.0476
670,66.0535
671,66.0593
672,66.0652
673,66.0712
674,66.0771
675,66.0831
676,66.0891
677,66.0952
678,66.1012
679,66.1073
680,66.1134
681,66.1195
682,66.1257
683,66.1319
684,66.1381
685,66.1443
686,66.1506
687,66.1568
688,66.1631
689,66.1695
690,66.1758
691,66.1822
692,66.1886
693,66.195
694,66.2015
695,66.208
696,66.2145
697,66.221
698,66.2276
699,66.2342
700,66.2408
701,62.4175
702,62.4234
703,62.4294
704,62.4353
705,62.4413
706,62.4473
707,62.4534
708,62.4594
709,62.4655
710,62.4716
711,62.4778
712,62.484
713,62.4901
714,62.4964
715,62.5026
716,62.5089
717,62.5152
718,62.5215
719,62.5279
720,62.5342
721,62.5406
722,62.5471
723,62.5535
724,62.56
725,62.5665
726,62.5731
727,62.5796
728,62.5862
729,62.5928
730,62.5995
731,62.6062
732,62.6129
733,62.6196
734,62.6264
735,62.6332
736,62.64
737,62.6468
738,62.6537
739,62.6606
740,62.6675
741,62.6745
742,62.6815
743,62.6885
744,62.6956
745,62.7026
746,62.7097
747,62.7169
748,62.724
749,62.7312
750,62.7385
751,62.7457
752,62.753
753,62.7603
754,62.7676
755,62.775
756,62.7824
757,62.7899
758,62.7973
759,62.8048
760,62.8123
761,62.8199
762,62.8275
763,62.8351
764,62.8428
765,62.8504
766,62.8581
767,62.8659
768,62.8737
769,62.8815
770,62.8893
771,62.8972
772,62.9051
773,62.913
774,62.921
775,62.929
776,62.937
777,62.9451
778,62.9531
779,62.9613
780,62.9694
781,62.9776
782,62.9858
783,62.994
784,63.0023
785,63.0106
786,63.019
787,63.0274
788,63.0358
789,63.0442
790,63.0527
791,63.0612
792,63.0697
793,63.0783
794,63.0869
795,63.0956
796,63.1043
797,63.113
798,63.1217
799,63.1305
800,63.1393
801,59.8092
802,59.8171
803,59.8251
804,59.8332
805,59.8412
806,59.8493
807,59.8574
808,59.8656
809,59.8738
810,59.882
811,59.8903
812,59.8986
813,59.9069
814,59.9153
815,59.9237
816,59.9321
817,59.9406
818,59.9491
819,59.9576
820,59.9662
821,59.9748
822,59.9835
823,59.9921
824,59.9947
825,59.9943
826,59.994
827,59.9936
828,59.9933
829,59.9929
830,59.9925
831,59.9921
832,59.9918
833,59.9914
834,59.991
835,59.9906
836,59.9901
837,59.9897
838,59.9893
839,59.9889
840,59.9885
841,59.988
842,59.9876
843,59.9871
844,59.9867
845,59.9863
846,59.9858
847,59.9853
848,59.9849
849,59.9844
850,59.9839
851,59.9835
852,59.983
853,59.9825
854,59.982
855,59.9815
856,59.981
857,59.9805
858,59.98
859,59.9795
860,59.979
861,59.9784
862,59.9779
863,59.9774
864,59.9769
865,59.9763
866,59.9758
867,59.9752
868,59.9747
869,59.9741
870,59.9735
871,59.973
872,59.9724
873,59.9718
874,59.9712
875,59.9707
876,59.9701
877,59.9695
878,59.9689
879,59.9683
880,59.9676
881,59.967
882,59.9664
883,59.9658
884,59.9651
885,59.9645
886,59.9639
887,59.9632
888,59.9626
889,59.9619
890,59.9613
891,59.9606
892,59.9599
893,59.9593
894,59.9586
895,59.9579
896,59.9572
897,59.9565
898,59.9558
899,59.9551
900,59.9544
901,57.0006
902,57
903,56.9993
904,56.9986
905,56.998
906,56.9973
907,56.9966
908,56.996
909,56.9953
910,56.9946
911,56.9939
912,56.9932
913,56.9925
914,56.9918
915,56.9911
916,56.9904
917,56.9897
918,56.9889
919,56.9882
920,56.9875
921,56.9867
922,56.986
923,56.9852
924,56.9845
925,56.9837
926,56.983
927,56.9822
928,56.9814
929,56.9806
930,56.9798
931,56.9791
932,56.9783
933,56.9775
934,56.9767
935,56.9758
936,56.975
937,56.9742
938,56.9733
939,56.9725
940,56.9717
941,56.9708
942,56.9699
943,56.9691
944,56.9682
945,56.9673
946,56.9665
947,56.9656
948,56.9647
949,56.9638
950,56.9629
951,56.962
952,56.9611
953,56.9602
954,56.9593
955,56.9584
956,56.9574
957,56.9565
958,56.9556
959,56.9546
960,56.9537
961,56.9527
962,56.9517
963,56.9508
964,56.9498
965,56.9488
966,56.9479
967,56.9469
968,56.9459
969,56.9448
970,56.9438
971,56.9428
972,56.9418
973,56.9408
974,56.9397
975,56.9387
976,56.9376
977,56.9366
978,56.9355
979,56.9345
980,56.9334
981,56.9323
982,56.9313
983,56.9302
984,56.9291
985,56.928
986,56.9269
987,56.9257
988,56.9246
989,56.9235
990,56.9224
991,56.9212
992,56.9201
993,56.9189
994,56.9178
995,56.9166
996,56.9155
997,56.9143
998,56.9131
999,56.9119
1000,56.9108
1001,54.2596
1002,54.2585
1003,54.2574
1004,54.2563
1005,54.2552
1006,54.2541
1007,54.253
1008,54.2518
1009,54.2507
1010,54.2496
1011,54.2485
1012,54.2473
1013,54.2462
1014,54.245
1015,54.2439
1016,54.2427
1017,54.2416
1018,54.2404
1019,54.2392
1020,54.238
1021,54.2368
1022,54.2356
1023,54.2344
1024,54.2332
1025,54.232
1026,54.2308
1027,54.2296
1028,54.2284
1029,54.2271
1030,54.2259
1031,54.2247
1032,54.2234
1033,54.2222
1034,54.2209
1035,54.2196
1036,54.2184
1037,54.2171
1038,54.2158
1039,54.2145
1040,54.2133
1041,54.212
1042,54.2107
1043,54.2093
1044,54.208
1045,54.2067
1046,54.2054
1047,54.2041
1048,54.2027
1049,54.2014
1050,54.2
1051,54.1987
1052,54.1973
1053,54.196
1054,54.1946
1055,54.1932
1056,54.1918
1057,54.1905
1058,54.1891
1059,54.1877
1060,54.1863
1061,54.1849
1062,54.1834
1063,54.182
1064,54.1806
1065,54.1792
1066,54.1777
1067,54.1763
1068,54.1748
1069,54.1734
1070,54.1719
1071,54.1705
1072,54.169
1073,54.1675
1074,54.166
1075,54.1645
1076,54.163
1077,54.1615
1078,54.16
1079,54.1585
1080,54.157
1081,54.1554
1082,54.1539
1083,54.1523
1084,54.1508
1085,54.1492
1086,54.1477
1087,54.1461
1088,54.1445
1089,54.143
1090,54.1414
1091,54.1398
1092,54.1382
1093,54.1366
1094,54.135
1095,54.1334
1096,54.1317
1097,54.1301
1098,54.1285
1099,54.1269
1100,54.1252
1101,51.7208
1102,51.7193
1103,51.7178
1104,51.7163
1105,51.7147
1106,51.7132
1107,51.7117
1108,51.7101
1109,51.7086
1110,51.707
1111,51.7055
1112,51.7039
1113,51.7023
1114,51.7007
1115,51.6992
1116,51.6976
1117,51.696
1118,51.6944
1119,51.6928
1120,51.6912
1121,51.6895
1122,51.6879
1123,51.6863
1124,51.6847
1125,51.683
1126,51.6814
1127,51.6797
1128,51.6781
1129,51.6764
1130,51.6747
1131,51.6731
1132,51.6714
1133,51.6697
1134,51.668
1135,51.6663
1136,51.6646
1137,51.6629
1138,51.6612
1139,51.6595
1140,51.6578
1141,51.656
1142,51.6543
1143,51.6525
1144,51.6508
1145,51.649
1146,51.6473
1147,51.6455
1148,51.6437
1149,51.642
1150,51.6402
1151,51.6384
1152,51.6366
1153,51.6348
1154,51.633
1155,51.6312
1156,51.6294
1157,51.6275
1158,51.6257
1159,51.6239
1160,51.622
1161,51.6202
1162,51.6183
1163,51.6165
1164,51.6146
1165,51.6127
1166,51.6109
1167,51.609
1168,51.6071
1169,51.6052
1170,51.6033
1171,51.6014
1172,51.5995
1173,51.5975
1174,51.5956
1175,51.5937
1176,51.5918
1177,51.5898
1178,51.5879
1179,51.5859
1180,51.584
1181,51.582
1182,51.58
1183,51.578
1184,51.5761
1185,51.5741
1186,51.5721
1187,51.5701
1188,51.5681
1189,51.5661
1190,51.564
1191,51.562
1192,51.56
1193,51.5579
1194,51.5559
1195,51.5539
1196,51.5518
1197,51.5497
1198,51.5477
1199,51.5456
1200,51.5435
1201,49.3597
1202,49.3578
1203,49.3559
1204,49.354
1205,49.3521
1206,49.3501
1207,49.3482
1208,49.3462
1209,49.3443
1210,49.3423
1211,49.3403
1212,49.3384
1213,49.3364
1214,49.3344
1215,49.3324
1216,49.3304
1217,49.3284
1218,49.3264
1219,49.3244
1220,49.3224
1221,49.3204
1222,49.3184
1223,49.3163
1224,49.3143
1225,49.3122
1226,49.3102
1227,49.3081
1228,49.3061
1229,49.304
1230,49.3019
1231,49.2998
1232,49.2978
1233,49.2957
1234,49.2936
1235,49.2915
1236,49.2894
1237,49.2872
1238,49.2851
1239,49.283
1240,49.2808
1241,49.2787
1242,49.2766
1243,49.2744
1244,49.2722
1245,49.2701
1246,49.2679
1247,49.2657
1248,49.2636
1249,49.2614
1250,49.2592
1251,49.257
1252,49.2548
1253,49.2526
1254,49.2503
1255,49.2481
1256,49.2459
1257,49.2437
1258,49.2414
1259,49.2392
1260,49.2369
1261,49.2347
1262,49.2324
1263,49.2301
1264,49.2279
1265,49.2256
1266,49.2233
1267,49.221
1268,49.2187
1269,49.2164
1270,49.2141
1271,49.2118
1272,49.2094
1273,49.2071
1274,49.2048
1275,49.2024
1276,49.2001
1277,49.1977
1278,49.1954
1279,49.193
1280,49.1906
1281,49.1882
1282,49.1859
1283,49.1835
1284,49.1811
1285,49.1786
1286,49.1762
1287,49.1738
1288,49.1714
1289,49.169
1290,49.1665
1291,49.1641
1292,49.1616
1293,49.1592
1294,49.1567
1295,49.1543
1296,49.1518
1297,49.1493
1298,49.1468
1299,49.1444
1300,49.1419
1301,47.1692
1302,47.1669
1303,47.1646
1304,47.1623
1305,47.16
1306,47.1576
1307,47.1553
1308,47.153
1309,47.1506
1310,47.1483
1311,47.1459
1312,47.1436
1313,47.1412
1314,47.1388
1315,47.1364
1316,47.1341
1317,47.1317
1318,47.1293
1319,47.1269
1320,47.1245
1321,47.1221
1322,47.1197
1323,47.1172
1324,47.1148
1325,47.1124
1326,47.1099
1327,47.1075
1328,47.1051
1329,47.1026
1330,47.1001
1331,47.0977
1332,47.0952
1333,47.0927
1334,47.0903
1335,47.0878
1336,47.0853
1337,47.0828
1338,47.0803
1339,47.0778
1340,47.0753
1341,47.0728
1342,47.0702
1343,47.0677
1344,47.0652
1345,47.0626
1346,47.0601
1347,47.0575
1348,47.055
1349,47.0524
1350,47.0499
1351,47.0473
1352,47.0447
1353,47.0421
1354,47.0396
1355,47.037
1356,47.0344
1357,47.0318
1358,47.0292
1359,47.0265
1360,47.0239
1361,47.0213
1362,47.0187
1363,47.016
1364,47.0134
1365,47.0108
1366,47.0081
1367,47.0055
1368,47.0028
1369,47.0001
1370,46.9975
1371,46.9948
1372,46.9921
1373,46.9894
1374,46.9867
1375,46.984
1376,46.9813
1377,46.9786
1378,46.9759
1379,46.9732
1380,46.9705
1381,46.9677
1382,46.965
1383,46.9623
1384,46.9595
1385,46.9568
1386,46.954
1387,46.9512
1388,46.9485
1389,46.9457
1390,46.9429
1391,46.9401
1392,46.9373
1393,46.9345
1394,46.9317
1395,46.9289
1396,46.9261
1397,46.9233
1398,46.9205
1399,46.9177
1400,46.9148
1401,45.146
1402,45.1434
1403,45.1408
1404,45.1381
1405,45.1355
1406,45.1329
1407,45.1302
1408,45.1275
1409,45.1249
1410,45.1222
1411,45.1196
1412,45.1169
1413,45.1142
1414,45.1115
1415,45.1088
1416,45.1061
1417,45.1034
1418,45.1007
1419,45.098
1420,45.0953
1421,45.0926
1422,45.0899
1423,45.0872
1424,45.0844
1425,45.0817
1426,45.079
1427,45.0762
1428,45.0735
1429,45.0707
1430,45.068
1431,45.0652
1432,45.0624
1433,45.0597
1434,45.0569
1435,45.0541
1436,45.0513
1437,45.0485
1438,45.0457
1439,45.0429
1440,45.0401
1441,45.0373
1442,45.0345
1443,45.0317
1444,45.0289
1445,45.026
1446,45.0232
1447,45.0204
1448,45.0175
1449,45.0147
1450,45.0119
1451,45.009
1452,45.0061
1453,45.0033
1454,45.0004
1455,44.9976
1456,44.9947
1457,44.9918
1458,44.9889
1459,44.986
1460,44.9831
1461,44.9802
1462,44.9773
1463,44.9744
1464,44.9715
1465,44.9686
1466,44.9657
1467,44.9628
1468,44.9599
1469,44.9569
1470,44.954
1471,44.9511
1472,44.9481
1473,44.9452
1474,44.9422
1475,44.9393
1476,44.9363
1477,44.9334
1478,44.9304
1479,44.9274
1480,44.9245
1481,44.9215
1482,44.9185
1483,44.9155
1484,44.9125
1485,44.9095
1486,44.9065
1487,44.9035
1488,44.9005
1489,44.8975
1490,44.8945
1491,44.8915
1492,44.8885
1493,44.8854
1494,44.8824
1495,44.8794
1496,44.8763
1497,44.8733
1498,44.8703
1499,44.8672
1500,44.8642
1501,43.2863
1502,43.2834
1503,43.2806
1504,43.2777
1505,43.2749
1506,43.272
1507,43.2691
1508,43.2663
1509,43.2634
1510,43.2605
1511,43.2576
1512,43.2548
1513,43.2519
1514,43.249
1515,43.2461
1516,43.2432
1517,43.2403
1518,43.2374
1519,43.2345
1520,43.2316
1521,43.2286
1522,43.2257
1523,43.2228
1524,43.2199
1525,43.217
1526,43.214
1527,43.2111
1528,43.2081
1529,43.2052
1530,43.2023
1531,43.1993
1532,43.1964
1533,43.1934
1534,43.1905
1535,43.1875
1536,43.1845
1537,43.1816
1538,43.1786
1539,43.1756
1540,43.1727
1541,43.1697
1542,43.1667
1543,43.1637
1544,43.1607
1545,43.1577
1546,43.1547
1547,43.1518
1548,43.1488
1549,43.1458
1550,43.1428
1551,43.1397
1552,43.1367
1553,43.1337
1554,43.1307
1555,43.1277
1556,43.1247
1557,43.1217
1558,43.1186
1559,43.1156
1560,43.1126
1561,43.1095
1562,43.1065
1563,43.1035
1564,43.1004
1565,43.0974
1566,43.0943
1567,43.0913
1568,43.0882
1569,43.0852
1570,43.0821
1571,43.0791
1572,43.076
1573,43.073
1574,43.0699
1575,43.0668
1576,43.0638
1577,43.0607
1578,43.0576
1579,43.0545
1580,43.0514
1581,43.0484
1582,43.0453
1583,43.0422
1584,43.0391
1585,43.036
1586,43.0329
1587,43.0298
1588,43.0267
1589,43.0236
1590,43.0205
1591,43.0174
1592,43.0143
1593,43.0112
1594,43.0081
1595,43.0049
1596,43.0018
1597,42.9987
1598,42.9956
1599,42.9925
1600,42.9893
1601,41.5833
1602,41.5804
1603,41.5774
1604,41.5745
1605,41.5716
1606,41.5686
1607,41.5657
1608,41.5628
1609,41.5598
1610,41.5569
1611,41.5539
1612,41.551
1613,41.5481
1614,41.5451
1615,41.5422
1616,41.5392
1617,41.5363
1618,41.5333
1619,41.5304
1620,41.5274
1621,41.5245
1622,41.5215
1623,41.5186
1624,41.5156
1625,41.5126
1626,41.5097
1627,41.5067
1628,41.5038
1629,41.5008
1630,41.4978
1631,41.4949
1632,41.4919
1633,41.4889
1634,41.486
1635,41.483
1636,41.48
1637,41.4771
1638,41.4741
1639,41.4711
1640,41.4682
1641,41.4652
1642,41.4622
1643,41.4593
1644,41.4563
1645,41.4533
1646,41.4503
1647,41.4474
1648,41.4444
1649,41.4414
1650,41.4385
1651,41.4355
1652,41.4325
1653,41.4295
1654,41.4266
1655,41.4236
1656,41.4206
1657,41.4177
1658,41.4147
1659,41.4117
1660,41.4087
1661,41.4057
1662,41.4028
1663,41.3998
1664,41.3968
1665,41.3938
1666,41.3909
1667,41.3879
1668,41.3849
1669,41.382
1670,41.379
1671,41.376
1672,41.373
1673,41.3701
1674,41.3671
1675,41.3641
1676,41.3612
1677,41.3582
1678,41.3552
1679,41.3523
1680,41.3493
1681,41.3464
1682,41.3434
1683,41.3404
1684,41.3375
1685,41.3345
1686,41.3316
1687,41.3286
1688,41.3257
1689,41.3227
1690,41.3197
1691,41.3168
1692,41.3138
1693,41.3109
1694,41.3079
1695,41.305
1696,41.3021
1697,41.2991
1698,41.2962
1699,41.2932
1700,41.2903
1701,40.0338
1702,40.031
1703,40.0283
1704,40.0255
1705,40.0228
1706,40.02
1707,40.0173
1708,40.0145
1709,40.0118
1710,40.009
1711,40.0063
1712,40.0036
1713,40.0008
1714,39.9981
1715,39.9954
1716,39.9926
1717,39.9899
1718,39.9872
1719,39.9845
1720,39.9818
1721,39.9791
1722,39.9764
1723,39.9737
1724,39.971
1725,39.9683
1726,39.9656
1727,39.9629
1728,39.9602
1729,39.9575
1730,39.9548
1731,39.9522
1732,39.9495
1733,39.9468
1734,39.9442
1735,39.9415
1736,39.9388
1737,39.9362
1738,39.9335
1739,39.9309
1740,39.9283
1741,39.9256
1742,39.923
1743,39.9204
1744,39.9177
1745,39.9151
1746,39.9093
1747,39.8959
1748,39.8827
1749,39.8695
1750,39.8564
1751,39.8434
1752,39.8305
1753,39.8176
1754,39.8049
1755,39.7922
1756,39.7796
1757,39.7671
1758,39.7547
1759,39.7424
1760,39.7301
1761,39.7179
1762,39.7059
1763,39.6939
1764,39.6819
1765,39.6701
1766,39.6583
1767,39.6466
1768,39.635
1769,39.6235
1770,39.612
1771,39.6007
1772,39.5894
1773,39.5782
1774,39.567
1775,39.556
1776,39.545
1777,39.5341
1778,39.5232
1779,39.5125
1780,39.5018
1781,39.4912
1782,39.4807
1783,39.4702
1784,39.4598
1785,39.4495
1786,39.4393
1787,39.4291
1788,39.419
1789,39.409
1790,39.399
1791,39.3892
1792,39.3794
1793,39.3696
1794,39.36
1795,39.3504
1796,39.3408
1797,39.3314
1798,39.322
1799,39.3127
1800,39.3034
1801,38.181
1802,38.1724
1803,38.1639
1804,38.1554
1805,38.147
1806,38.1387
1807,38.1304
1808,38.1222
1809,38.1141
1810,38.106
1811,38.098
1812,38.09
1813,38.0821
1814,38.0743
1815,38.0665
1816,38.0588
1817,38.0512
1818,38.0436
1819,38.0361
1820,38.0286
1821,38.0212
1822,38.0139
1823,38.0066
1824,37.9994
1825,37.9922
1826,37.9851
1827,37.978
1828,37.971
1829,37.9641
1830,37.9572
1831,37.9504
1832,37.9436
1833,37.9369
1834,37.9303
1835,37.9237
1836,37.9171
1837,37.9106
1838,37.9042
1839,37.8978
1840,37.8915
1841,37.8853
1842,37.879
1843,37.8729
1844,37.8668
1845,37.8607
1846,37.8547
1847,37.8488
1848,37.8429
1849,37.8371
1850,37.8313
1851,37.8255
1852,37.8198
1853,37.8142
1854,37.8086
1855,37.8031
1856,37.7976
1857,37.7922
1858,37.7868
1859,37.7815
1860,37.7762
1861,37.7709
1862,37.7658
1863,37.7606
1864,37.7555
1865,37.7505
1866,37.7455
1867,37.7406
1868,37.7357
1869,37.7308
1870,37.726
1871,37.7213
1872,37.7165
1873,37.7119
1874,37.7073
1875,37.7027
1876,37.6982
1877,37.6937
1878,37.6893
1879,37.6849
1880,37.6806
1881,37.6763
1882,37.672
1883,37.6678
1884,37.6636
1885,37.6595
1886,37.6554
1887,37.6514
1888,37.6474
1889,37.6435
1890,37.6396
1891,37.6357
1892,37.6319
1893,37.6281
1894,37.6244
1895,37.6207
1896,37.6171
1897,37.6135
1898,37.6099
1899,37.6064
1900,37.6029
1901,36.6003
1902,36.5971
1903,36.5939
1904,36.5908
1905,36.5877
1906,36.5846
1907,36.5816
1908,36.5786
1909,36.5756
1910,36.5727
1911,36.5698
1912,36.567
1913,36.5642
1914,36.5614
1915,36.5587
1916,36.556
1917,36.5534
1918,36.5508
1919,36.5482
1920,36.5456
1921,36.5431
1922,36.5407
1923,36.5382
1924,36.5358
1925,36.5335
1926,36.5311
1927,36.5288
1928,36.5266
1929,36.5243
1930,36.5221
1931,36.52
1932,36.5179
1933,36.5158
1934,36.5137
1935,36.5117
1936,36.5097
1937,36.5077
1938,36.5058
1939,36.5039
1940,36.502
1941,36.5002
1942,36.4984
1943,36.4966
1944,36.4949
1945,36.4932
1946,36.4915
1947,36.4898
1948,36.4882
1949,36.4867
1950,36.4851
1951,36.4836
1952,36.4821
1953,36.4806
1954,36.4792
1955,36.4778
1956,36.4764
1957,36.4751
1958,36.4738
1959,36.4725
1960,36.4713
1961,36.47
1962,36.4688
1963,36.4677
1964,36.4666
1965,36.4654
1966,36.4644
1967,36.4633
1968,36.4623
1969,36.4613
1970,36.4603
1971,36.4594
1972,36.4585
1973,36.4576
1974,36.4568
1975,36.4559
1976,36.4551
1977,36.4543
1978,36.4536
1979,36.4529
1980,36.4522
1981,36.4515
1982,36.4509
1983,36.4503
1984,36.4497
1985,36.4491
1986,36.4486
1987,36.4481
1988,36.4476
1989,36.4471
1990,36.4467
1991,36.4462
1992,36.4459
1993,36.4455
1994,36.4452
1995,36.4448
1996,36.4446
1997,36.4443
1998,36.444
1999,36.4438
2000,36.4436
2001,35.5292
2002,35.5291
2003,35.529
2004,35.5289
2005,35.5288
2006,35.5288
2007,35.5287
2008,35.5287
2009,35.5287
2010,35.5288
2011,35.5288
2012,35.5289
2013,35.529
2014,35.5292
2015,35.5293
2016,35.5295
2017,35.5297
2018,35.5299
2019,35.5301
2020,35.5304
2021,35.5306
2022,35.5309
2023,35.5312
2024,35.5316
2025,35.5319
2026,35.5323
2027,35.5327
2028,35.5331
2029,35.5335
2030,35.534
2031,35.5345
2032,35.5349
2033,35.5355
2034,35.536
2035,35.5365
2036,35.5371
2037,35.5377
2038,35.5383
2039,35.5389
2040,35.5396
2041,35.5402
2042,35.5409
2043,35.5416
2044,35.5423
2045,35.543
2046,35.5438
2047,35.5446
2048,35.5453
2049,35.5461
2050,35.547
2051,35.5478
2052,35.5487
2053,35.5495
2054,35.5504
2055,35.5513
2056,35.5522
2057,35.5532
2058,35.5541
2059,35.5551
2060,35.5561
2061,35.5571
2062,35.5581
2063,35.5592
2064,35.5602
2065,35.5613
2066,35.5624
2067,35.5635
2068,35.5646
2069,35.5657
2070,35.5669
2071,35.568
2072,35.5692
2073,35.5704
2074,35.5716
2075,35.5728
2076,35.574
2077,35.5753
2078,35.5765
2079,35.5778
2080,35.5791
2081,35.5804
2082,35.5817
2083,35.583
2084,35.5844
2085,35.5857
2086,35.5871
2087,35.5885
2088,35.5899
2089,35.5913
2090,35.5927
2091,35.5942
2092,35.5956
2093,35.5971
2094,35.5986
2095,35.6
2096,35.6016
2097,35.6031
2098,35.6046
2099,35.6061
2100,35.6077
2101,34.7603
2102,34.7618
2103,34.7633
2104,34.7649
2105,34.7664
2106,34.7679
2107,34.7695
2108,34.7711
2109,34.7726
2110,34.7742
2111,34.7758
2112,34.7774
2113,34.7791
2114,34.7807
2115,34.7823
2116,34.784
2117,34.7857
2118,34.7873
2119,34.789
2120,34.7907
2121,34.7924
2122,34.7941
2123,34.7959
2124,34.7976
2125,34.7993
2126,34.8011
2127,34.8028
2128,34.8046
2129,34.8064
2130,34.8082
2131,34.81
2132,34.8118
2133,34.8136
2134,34.8154
2135,34.8172
2136,34.8191
2137,34.8209
2138,34.8228
2139,34.8246
2140,34.8265
2141,34.8284
2142,34.8303
2143,34.8322
2144,34.8341
2145,34.836
2146,34.8379
2147,34.8398
2148,34.8417
2149,34.8437
2150,34.8456
2151,34.8476
2152,34.8495
2153,34.8515
2154,34.8535
2155,34.8554
2156,34.8574
2157,34.8594
2158,34.8614
2159,34.8634
2160,34.8654
2161,34.8674
2162,34.8694
2163,34.8715
2164,34.8735
2165,34.8755
2166,34.8776
2167,34.8796
2168,34.8816
2169,34.8837
2170,34.8858
2171,34.8878
2172,34.8899
2173,34.892
2174,34.894
2175,34.8961
2176,34.8982
2177,34.9003
2178,34.9024
2179,34.9045
2180,34.9066
2181,34.9087
2182,34.9108
2183,34.9129
2184,34.915
2185,34.9172
2186,34.9193
2187,34.9214
2188,34.9235
2189,34.9257
2190,34.9278
2191,34.9299
2192,34.9321
2193,34.9342
2194,34.9364
2195,34.9385
2196,34.9406
2197,34.9428
2198,34.9449
2199,34.9471
2200,34.9493
2201,34.1546
2202,34.1567
2203,34.1587
2204,34.1608
2205,34.1628
2206,34.1649
2207,34.167
2208,34.169
2209,34.1711
2210,34.1731
2211,34.1752
2212,34.1773
2213,34.1793
2214,34.1814
2215,34.1834
2216,34.1855
2217,34.1876
2218,34.1896
2219,34.1917
2220,34.1937
2221,34.1958
2222,34.1978
2223,34.1999
2224,34.2019
2225,34.204
2226,34.206
2227,34.2081
2228,34.2101
2229,34.2122
2230,34.2142
2231,34.2163
2232,34.2183
2233,34.2203
2234,34.2224
2235,34.2244
2236,34.2264
2237,34.2285
2238,34.2305
2239,34.2325
2240,34.2345
2241,34.2365
2242,34.2386
2243,34.2406
2244,34.2426
2245,34.2446
2246,34.2466
2247,34.2486
2248,34.2506
2249,34.2525
2250,34.2545
2251,34.2565
2252,34.2585
2253,34.2604
2254,34.2624
2255,34.2644
2256,34.2663
2257,34.2683
2258,34.2702
2259,34.2722
2260,34.2741
2261,34.276
2262,34.278
2263,34.2799
2264,34.2818
2265,34.2837
2266,34.2856
2267,34.2875
2268,34.2894
2269,34.2913
2270,34.2932
2271,34.295
2272,34.2969
2273,34.2987
2274,34.3006
2275,34.3024
2276,34.3043
2277,34.3061
2278,34.3079
2279,34.3097
2280,34.3115
2281,34.3133
2282,34.3151
2283,34.3169
2284,34.3187
2285,34.3205
2286,34.3222
2287,34.324
2288,34.3257
2289,34.3274
2290,34.3292
2291,34.3309
2292,34.3326
2293,34.3343
2294,34.336
2295,34.3377
2296,34.3393
2297,34.341
2298,34.3426
2299,34.3443
2300,34.3459
2301,33.5957
2302,33.5973
2303,33.5988
2304,33.6003
2305,33.6018
2306,33.6033
2307,33.6048
2308,33.6063
2309,33.6078
2310,33.6092
2311,33.6107
2312,33.6121
2313,33.6136
2314,33.615
2315,33.6164
2316,33.6178
2317,33.6192
2318,33.6205
2319,33.6219
2320,33.6232
2321,33.6246
2322,33.6259
2323,33.6272
2324,33.6285
2325,33.6298
2326,33.6311
2327,33.6323
2328,33.6336
2329,33.6348
2330,33.636
2331,33.6373
2332,33.6385
2333,33.6397
2334,33.6408
2335,33.642
2336,33.6431
2337,33.6443
2338,33.6454
2339,33.6465
2340,33.6476
2341,33.6487
2342,33.6498
2343,33.6508
2344,33.6519
2345,33.6529
2346,33.6539
2347,33.6549
2348,33.6559
2349,33.6568
2350,33.6578
2351,33.6587
2352,33.6597
2353,33.6606
2354,33.6615
2355,33.6624
2356,33.6632
2357,33.6641
2358,33.6649
2359,33.6657
2360,33.6666
2361,33.6674
2362,33.6681
2363,33.6689
2364,33.6696
2365,33.6704
2366,33.6711
2367,33.6718
2368,33.6725
2369,33.6731
2370,33.6738
2371,33.6744
2372,33.6751
2373,33.6757
2374,33.6762
2375,33.6768
2376,33.6774
2377,33.6779
2378,33.6784
2379,33.6789
2380,33.6794
2381,33.6799
2382,33.6804
2383,33.6808
2384,33.6812
2385,33.6816
2386,33.682
2387,33.6824
2388,33.6828
2389,33.6831
2390,33.6834
2391,33.6837
2392,33.684
2393,33.6843
2394,33.6846
2395,33.6848
2396,33.685
2397,33.6852
2398,33.6854
2399,33.6856
2400,33.6857
2401,32.9766
2402,32.9767
2403,32.9768
2404,32.9769
2405,32.9769
2406,32.977
2407,32.977
2408,32.977
2409,32.977
2410,32.977
2411,32.977
2412,32.9769
2413,32.9768
2414,32.9767
2415,32.9766
2416,32.9765
2417,32.9764
2418,32.9762
2419,32.976
2420,32.9758
2421,32.9756
2422,32.9754
2423,32.9751
2424,32.9749
2425,32.9746
2426,32.9743
2427,32.974
2428,32.9736
2429,32.9733
2430,32.9729
2431,32.9725
2432,32.9721
2433,32.9717
2434,32.9713
2435,32.9708
2436,32.9704
2437,32.9699
2438,32.9694
2439,32.9689
2440,32.9683
2441,32.9678
2442,32.9672
2443,32.9666
2444,32.966
2445,32.9654
2446,32.9647
2447,32.9641
2448,32.9634
2449,32.9627
2450,32.962
2451,32.9613
2452,32.9605
2453,32.9598
2454,32.959
2455,32.9582
2456,32.9574
2457,32.9566
2458,32.9557
2459,32.9549
2460,32.954
2461,32.9531
2462,32.9522
2463,32.9513
2464,32.9504
2465,32.9494
2466,32.9484
2467,32.9474
2468,32.9464
2469,32.9454
2470,32.9444
2471,32.9433
2472,32.9423
2473,32.9412
2474,32.9401
2475,32.939
2476,32.9379
2477,32.9367
2478,32.9356
2479,32.9344
2480,32.9332
2481,32.932
2482,32.9308
2483,32.9296
2484,32.9283
2485,32.9271
2486,32.9258
2487,32.9245
2488,32.9232
2489,32.9219
2490,32.9206
2491,32.9192
2492,32.9178
2493,32.9165
2494,32.9151
2495,32.9137
2496,32.9123
2497,32.9109
2498,32.9094
2499,32.908
2500,32.9065
2501,32.2371
2502,32.2357
2503,32.2342
2504,32.2328
2505,32.2313
2506,32.2298
2507,32.2284
2508,32.2269
2509,32.2254
2510,32.2238
2511,32.2223
2512,32.2207
2513,32.2192
2514,32.2176
2515,32.2161
2516,32.2145
2517,32.2129
2518,32.2113
2519,32.2096
2520,32.208
2521,32.2064
2522,32.2047
2523,32.2031
2524,32.2014
2525,32.1997
2526,32.198
2527,32.1964
2528,32.1946
2529,32.1929
2530,32.1912
2531,32.1895
2532,32.1878
2533,32.186
2534,32.1843
2535,32.1825
2536,32.1807
2537,32.179
2538,32.1772
2539,32.1754
2540,32.1736
2541,32.1718
2542,32.17
2543,32.1682
2544,32.1664
2545,32.1645
2546,32.1627
2547,32.1609
2548,32.159
2549,32.1572
2550,32.1553
2551,32.1535
2552,32.1516
2553,32.1498
2554,32.1479
2555,32.146
2556,32.1441
2557,32.1423
2558,32.1404
2559,32.1385
2560,32.1366
2561,32.1347
2562,32.1328
2563,32.1309
2564,32.129
2565,32.1271
2566,32.1252
2567,32.1233
2568,32.1214
2569,32.1195
2570,32.1176
2571,32.1157
2572,32.1138
2573,32.1119
2574,32.11
2575,32.1081
2576,32.1062
2577,32.1043
2578,32.1024
2579,32.1005
2580,32.0986
2581,32.0967
2582,32.0948
2583,32.0929
2584,32.091
2585,32.0891
2586,32.0872
2587,32.0853
2588,32.0834
2589,32.0816
2590,32.0797
2591,32.0778
2592,32.076
2593,32.0741
2594,32.0723
2595,32.0704
2596,32.0686
2597,32.0667
2598,32.0649
2599,32.0631
2600,32.0613
2601,31.4312
2602,31.4294
2603,31.4277
2604,31.426
2605,31.4243
2606,31.4226
2607,31.4209
2608,31.4192
2609,31.4175
2610,31.4159
2611,31.4142
2612,31.4126
2613,31.411
2614,31.4093
2615,31.4077
2616,31.4061
2617,31.4045
2618,31.4029
2619,31.4014
2620,31.3998
2621,31.3983
2622,31.3968
2623,31.3952
2624,31.3937
2625,31.3922
2626,31.3908
2627,31.3893
2628,31.3879
2629,31.3864
2630,31.385
2631,31.3836
2632,31.3823
2633,31.3809
2634,31.3795
2635,31.3782
2636,31.3769
2637,31.3756
2638,31.3743
2639,31.3731
2640,31.3718
2641,31.3706
2642,31.3694
2643,31.3682
2644,31.3671
2645,31.3659
2646,31.3648
2647,31.3637
2648,31.3626
2649,31.3616
2650,31.3605
2651,31.3595
2652,31.3586
2653,31.3576
2654,31.3567
2655,31.3557
2656,31.3549
2657,31.354
2658,31.3532
2659,31.3523
2660,31.3516
2661,31.3508
2662,31.3501
2663,31.3494
2664,31.3487
2665,31.348
2666,31.3474
2667,31.3468
2668,31.3463
2669,31.3457
2670,31.3452
2671,31.3448
2672,31.3443
2673,31.3439
2674,31.3436
2675,31.3432
2676,31.3429
2677,31.3426
2678,31.3424
2679,31.3422
2680,31.342
2681,31.3419
2682,31.3418
2683,31.3417
2684,31.3417
2685,31.3417
2686,31.3417
2687,31.3418
2688,31.342
2689,31.3421
2690,31.3423
2691,31.3426
2692,31.3429
2693,31.3432
2694,31.3435
2695,31.344
2696,31.3444
2697,31.3449
2698,31.3454
2699,31.346
2700,31.3467
2701,30.754
2702,30.7547
2703,30.7555
2704,30.7563
2705,30.7571
2706,30.758
2707,30.7589
2708,30.7599
2709,30.7609
2710,30.762
2711,30.7631
2712,30.7643
2713,30.7655
2714,30.7668
2715,30.7681
2716,30.7695
2717,30.7709
2718,30.7724
2719,30.7739
2720,30.7755
2721,30.7772
2722,30.7789
2723,30.7807
2724,30.7825
2725,30.7844
2726,30.7863
2727,30.7884
2728,30.7904
2729,30.7926
2730,30.7947
2731,30.797
2732,30.7993
2733,30.8017
2734,30.8042
2735,30.8067
2736,30.8093
2737,30.8119
2738,30.8146
2739,30.8174
2740,30.8203
2741,30.8232
2742,30.8262
2743,30.8293
2744,30.8324
2745,30.8356
2746,30.8389
2747,30.8423
2748,30.8457
2749,30.8493
2750,30.8529
2751,30.8565
2752,30.8603
2753,30.8641
2754,30.8681
2755,30.8721
2756,30.8762
2757,30.8803
2758,30.8846
2759,30.8889
2760,30.8934
2761,30.8979
2762,30.9025
2763,30.9072
2764,30.912
2765,30.9168
2766,30.9218
2767,30.9269
2768,30.932
2769,30.9373
2770,30.9427
2771,30.9481
2772,30.9537
2773,30.9593
2774,30.9651
2775,30.9709
2776,30.9769
2777,30.983
2778,30.9891
2779,30.9954
2780,31.0018
2781,31.0083
2782,31.0149
2783,31.0217
2784,31.0285
2785,31.0354
2786,31.0425
2787,31.0497
2788,31.057
2789,31.0644
2790,31.072
2791,31.0796
2792,31.0874
2793,31.0954
2794,31.1034
2795,31.1116
2796,31.1199
2797,31.1283
2798,31.1369
2799,31.1456
2800,31.1544
2801,30.5934
2802,30.6022
2803,30.6111
2804,30.6201
2805,30.6293
2806,30.6387
2807,30.6481
2808,30.6578
2809,30.6675
2810,30.6775
2811,30.6875
2812,30.6978
2813,30.7082
2814,30.7187
2815,30.7294
2816,30.7403
2817,30.7513
2818,30.7625
2819,30.7739
2820,30.7854
2821,30.7971
2822,30.809
2823,30.821
2824,30.8333
2825,30.8457
2826,30.8583
2827,30.871
2828,30.884
2829,30.8971
2830,30.9105
2831,30.924
2832,30.9377
2833,30.9517
2834,30.9658
2835,30.9801
2836,30.9947
2837,31.0094
2838,31.0244
2839,31.0395
2840,31.0549
2841,31.0705
2842,31.0863
2843,31.1024
2844,31.1187
2845,31.1352
2846,31.1519
2847,31.1689
2848,31.1861
2849,31.2036
2850,31.2213
2851,31.2392
2852,31.2575
2853,31.2759
2854,31.2946
2855,31.3136
2856,31.3329
2857,31.3524
2858,31.3722
2859,31.3922
2860,31.4126
2861,31.4332
2862,31.4541
2863,31.4754
2864,31.4969
2865,31.5187
2866,31.5408
2867,31.5632
2868,31.5859
2869,31.609
2870,31.6324
2871,31.6561
2872,31.6801
2873,31.7044
2874,31.7291
2875,31.7542
2876,31.7796
2877,31.8053
2878,31.8314
2879,31.8579
2880,31.8847
2881,31.9119
2882,31.9395
2883,31.9675
2884,31.9958
2885,32.0246
2886,32.0537
2887,32.0833
2888,32.1133
2889,32.1437
2890,32.1745
2891,32.2057
2892,32.2374
2893,32.2695
2894,32.3021
2895,32.3352
2896,32.3687
2897,32.4026
2898,32.4371
2899,32.472
2900,32.5074
2901,31.9669
2902,32.002
2903,32.0377
2904,32.0738
2905,32.1104
2906,32.1476
2907,32.1853
2908,32.2235
2909,32.2623
2910,32.3017
2911,32.3416
2912,32.3821
2913,32.4232
2914,32.4649
2915,32.5072
2916,32.5501
2917,32.5936
2918,32.6377
2919,32.6825
2920,32.728
2921,32.7741
2922,32.8209
2923,32.8684
2924,32.9165
2925,32.9654
2926,33.015
2927,33.0654
2928,33.1164
2929,33.1683
2930,33.2209
2931,33.2742
2932,33.3284
2933,33.3834
2934,33.4392
2935,33.4958
2936,33.5533
2937,33.6116
2938,33.6709
2939,33.731
2940,33.792
2941,33.8539
2942,33.9168
2943,33.9806
2944,34.0454
2945,34.1112
2946,34.178
2947,34.2458
2948,34.3146
2949,34.3845
2950,34.4555
2951,34.5275
2952,34.6007
2953,34.675
2954,34.7505
2955,34.8271
2956,34.9049
2957,34.9839
2958,35.0642
2959,35.1457
2960,35.2285
2961,35.3126
2962,35.398
2963,35.4848
2964,35.5729
2965,35.6624
2966,35.7534
2967,35.8458
2968,35.9397
2969,36.0351
2970,36.132
2971,36.2304
2972,36.3305
2973,36.4321
2974,36.5354
2975,36.6404
2976,36.7471
2977,36.8555
2978,36.9657
2979,37.0777
2980,37.1915
2981,37.3072
2982,37.4248
2983,37.5293
2984,37.529
2985,37.5288
2986,37.5287
2987,37.5288
2988,37.5289
2989,37.5292
2990,37.5296
2991,37.5301
2992,37.5308
2993,37.5315
2994,37.5324
2995,37.5334
2996,37.5346
2997,37.5358
2998,37.5372
2999,37.5386
3000,37.5402
3001,36.896
3002,36.8978
3003,36.8997
3004,36.9018
3005,36.9039
3006,36.9062
3007,36.9085
3008,36.9095
3009,36.8904
3010,36.8714
3011,36.8528
3012,36.8344
3013,36.8162
3014,36.7982
3015,36.7805
3016,36.763
3017,36.7458
3018,36.7288
3019,36.712
3020,36.6954
3021,36.679
3022,36.6629
3023,36.6469
3024,36.6312
3025,36.6157
3026,36.6004
3027,36.5853
3028,36.5704
3029,36.5557
3030,36.5412
3031,36.5268
3032,36.5127
3033,36.4988
3034,36.485
3035,36.4715
3036,36.4581
3037,36.4449
3038,36.4319
3039,36.419
3040,36.4063
3041,36.3938
3042,36.3815
3043,36.3694
3044,36.3574
3045,36.3455
3046,36.3339
3047,36.3224
3048,36.311
3049,36.2998
3050,36.2888
3051,36.2779
3052,36.2672
3053,36.2566
3054,36.2462
3055,36.2359
3056,36.2258
3057,36.2158
3058,36.206
3059,36.1962
3060,36.1867
3061,36.1773
3062,36.168
3063,36.1588
3064,36.1498
3065,36.1409
3066,36.1321
3067,36.1235
3068,36.115
3069,36.1066
3070,36.0983
3071,36.0902
3072,36.0822
3073,36.0743
3074,36.0665
3075,36.0588
3076,36.0513
3077,36.0439
3078,36.0366
3079,36.0294
3080,36.0223
3081,36.0153
3082,36.0084
3083,36.0017
3084,35.995
3085,35.9885
3086,35.982
3087,35.9757
3088,35.9694
3089,35.9633
3090,35.9573
3091,35.9513
3092,35.9455
3093,35.9398
3094,35.9341
3095,35.9286
3096,35.9231
3097,35.9178
3098,35.9125
3099,35.9073
3100,35.9023
3101,35.3001
3102,35.2953
3103,35.2907
3104,35.2861
3105,35.2817
3106,35.2773
3107,35.2729
3108,35.2687
3109,35.2646
3110,35.2605
3111,35.2565
3112,35.2526
3113,35.2488
3114,35.245
3115,35.2413
3116,35.2377
3117,35.2342
3118,35.2308
3119,35.2274
3120,35.2241
3121,35.2209
3122,35.2177
3123,35.2146
3124,35.2116
3125,35.2087
3126,35.2058
3127,35.203
3128,35.2003
3129,35.1976
3130,35.195
3131,35.1925
3132,35.1901
3133,35.1877
3134,35.1853
3135,35.1831
3136,35.1809
3137,35.1787
3138,35.1767
3139,35.1747
3140,35.1727
3141,35.1708
3142,35.169
3143,35.1672
3144,35.1655
3145,35.1639
3146,35.1623
3147,35.1608
3148,35.1593
3149,35.1579
3150,35.1566
3151,35.1553
3152,35.1541
3153,35.1529
3154,35.1518
3155,35.1507
3156,35.1497
3157,35.1488
3158,35.1479
3159,35.1471
3160,35.1463
3161,35.1455
3162,35.1449
3163,35.1443
3164,35.1437
3165,35.1432
3166,35.1427
3167,35.1423
3168,35.1419
3169,35.1416
3170,35.1414
3171,35.1412
3172,35.141
3173,35.1409
3174,35.1409
3175,35.1409
3176,35.1409
3177,35.1411
3178,35.1412
3179,35.1414
3180,35.1417
3181,35.142
3182,35.1423
3183,35.1427
3184,35.1431
3185,35.1436
3186,35.1442
3187,35.1448
3188,35.1454
3189,35.1461
3190,35.1468
3191,35.1476
3192,35.1484
3193,35.1493
3194,35.1502
3195,35.1512
3196,35.1522
3197,35.1533
3198,35.1544
3199,35.1556
3200,35.1568
3201,34.5912
3202,34.5924
3203,34.5937
3204,34.5951
3205,34.5964
3206,34.5979
3207,34.5993
3208,34.6009
3209,34.6024
3210,34.604
3211,34.6057
3212,34.6074
3213,34.6091
3214,34.6109
3215,34.6127
3216,34.6146
3217,34.6165
3218,34.6184
3219,34.6204
3220,34.6225
3221,34.6245
3222,34.6267
3223,34.6289
3224,34.6311
3225,34.6333
3226,34.6356
3227,34.638
3228,34.6404
3229,34.6428
3230,34.6453
3231,34.6478
3232,34.6504
3233,34.653
3234,34.6556
3235,34.6583
3236,34.6611
3237,34.6639
3238,34.6667
3239,34.6696
3240,34.6725
3241,34.6754
3242,34.6784
3243,34.6815
3244,34.6846
3245,34.6877
3246,34.6909
3247,34.6941
3248,34.6974
3249,34.7007
3250,34.704
3251,34.7074
3252,34.7109
3253,34.7143
3254,34.7179
3255,34.7214
3256,34.7251
3257,34.7287
3258,34.7324
3259,34.7362
3260,34.74
3261,34.7438
3262,34.7477
3263,34.7517
3264,34.7556
3265,34.7597
3266,34.7637
3267,34.7679
3268,34.772
3269,34.7762
3270,34.7805
3271,34.7848
3272,34.7891
3273,34.7935
3274,34.7979
3275,34.8024
3276,34.807
3277,34.8115
3278,34.8162
3279,34.8208
3280,34.8256
3281,34.8303
3282,34.8351
3283,34.84
3284,34.8449
3285,34.8499
3286,34.8549
3287,34.8599
3288,34.865
3289,34.8702
3290,34.8754
3291,34.8806
3292,34.8859
3293,34.8912
3294,34.8966
3295,34.9021
3296,34.9076
3297,34.9131
3298,34.9187
3299,34.9243
3300,34.93
3301,34.3884
3302,34.394
3303,34.3997
3304,34.4054
3305,34.4111
3306,34.4169
3307,34.4228
3308,34.4287
3309,34.4346
3310,34.4406
3311,34.4467
3312,34.4528
3313,34.4589
3314,34.4651
3315,34.4714
3316,34.4777
3317,34.4841
3318,34.4905
3319,34.497
3320,34.5035
3321,34.5101
3322,34.5167
3323,34.5234
3324,34.5301
3325,34.5369
3326,34.5437
3327,34.5506
3328,34.5575
3329,34.5645
3330,34.5716
3331,34.5787
3332,34.5859
3333,34.5931
3334,34.6003
3335,34.6077
3336,34.6151
3337,34.6225
3338,34.63
3339,34.6375
3340,34.6451
3341,34.6528
3342,34.6605
3343,34.6683
3344,34.6761
3345,34.684
3346,34.692
3347,34.7
3348,34.708
3349,34.7162
3350,34.7243
3351,34.7326
3352,34.7409
3353,34.7492
3354,34.7577
3355,34.7661
3356,34.7747
3357,34.7833
3358,34.7919
3359,34.8006
3360,34.8094
3361,34.8183
3362,34.8272
3363,34.8361
3364,34.8451
3365,34.8542
3366,34.8634
3367,34.8726
3368,34.8818
3369,34.8912
3370,34.9006
3371,34.91
3372,34.9196
3373,34.9291
3374,34.9388
3375,34.9485
3376,34.9583
3377,34.9681
3378,34.978
3379,34.988
3380,34.998
3381,35.0081
3382,35.0183
3383,35.0285
3384,35.0388
3385,35.0492
3386,35.0596
3387,35.0701
3388,35.0807
3389,35.0913
3390,35.102
3391,35.1128
3392,35.1237
3393,35.1346
3394,35.1455
3395,35.1566
3396,35.1677
3397,35.1789
3398,35.1901
3399,35.2015
3400,35.2129
3401,34.6852
3402,34.6963
3403,34.7076
3404,34.7189
3405,34.7303
3406,34.7417
3407,34.7532
3408,34.7648
3409,34.7765
3410,34.7882
3411,34.8001
3412,34.8119
3413,34.8239
3414,34.8359
3415,34.848
3416,34.8602
3417,34.8724
3418,34.8848
3419,34.8972
3420,34.9096
3421,34.9222
3422,34.9348
3423,34.9475
3424,34.9602
3425,34.9731
3426,34.986
3427,34.999
3428,35.0121
3429,35.0252
3430,35.0384
3431,35.0517
3432,35.0651
3433,35.0786
3434,35.0921
3435,35.1057
3436,35.1194
3437,35.1332
3438,35.147
3439,35.1609
3440,35.1749
3441,35.189
3442,35.2032
3443,35.2174
3444,35.2317
3445,35.2462
3446,35.2606
3447,35.2752
3448,35.2898
3449,35.3046
3450,35.3194
3451,35.3343
3452,35.3493
3453,35.3643
3454,35.3795
3455,35.3947
3456,35.41
3457,35.4254
3458,35.4409
3459,35.4564
3460,35.4721
3461,35.4878
3462,35.5036
3463,35.5195
3464,35.5355
3465,35.5516
3466,35.5678
3467,35.5831
3468,35.5895
3469,35.5961
3470,35.6027
3471,35.6094
3472,35.6163
3473,35.6232
3474,35.6302
3475,35.6374
3476,35.6446
3477,35.652
3478,35.6594
3479,35.667
3480,35.6747
3481,35.6825
3482,35.6904
3483,35.6984
3484,35.7066
3485,35.7149
3486,35.7233
3487,35.7318
3488,35.7306
3489,35.7263
3490,35.722
3491,35.7177
3492,35.7134
3493,35.7091
3494,35.7048
3495,35.7004
3496,35.6961
3497,35.6917
3498,35.6873
3499,35.683
3500,35.6786
3501,35.1388
3502,35.1345
3503,35.1302
3504,35.126
3505,35.1217
3506,35.1174
3507,35.1131
3508,35.1088
3509,35.1045
3510,35.1002
3511,35.0958
3512,35.0915
3513,35.0872
3514,35.0828
3515,35.0785
3516,35.0741
3517,35.0698
3518,35.0654
3519,35.061
3520,35.0567
3521,35.0523
3522,35.0479
3523,35.0435
3524,35.0391
3525,35.0347
3526,35.0303
3527,35.0259
3528,35.0215
3529,35.0171
3530,35.0126
3531,35.0082
3532,35.0038
3533,34.9993
3534,34.9949
3535,34.9905
3536,34.986
3537,34.9816
3538,34.9771
3539,34.9726
3540,34.9682
3541,34.9637
3542,34.9593
3543,34.9548
3544,34.9503
3545,34.9458
3546,34.9414
3547,34.9369
3548,34.9324
3549,34.9279
3550,34.9234
3551,34.9189
3552,34.9145
3553,34.91
3554,34.9055
3555,34.901
3556,34.8965
3557,34.892
3558,34.8875
3559,34.883
3560,34.8785
3561,34.874
3562,34.8695
3563,34.865
3564,34.8605
3565,34.856
3566,34.8515
3567,34.847
3568,34.8426
3569,34.8381
3570,34.8336
3571,34.8291
3572,34.8246
3573,34.8201
3574,34.8156
3575,34.8111
3576,34.8067
3577,34.8022
3578,34.7977
3579,34.7932
3580,34.7887
3581,34.7843
3582,34.7798
3583,34.7753
3584,34.7709
3585,34.7664
3586,34.762
3587,34.7575
3588,34.7531
3589,34.7486
3590,34.7442
3591,34.7397
3592,34.7353
3593,34.7309
3594,34.7265
3595,34.722
3596,34.7176
3597,34.7132
3598,34.7088
3599,34.7044
3600,34.7001
3601,34.1871
3602,34.1828
3603,34.1786
3604,34.1744
3605,34.1701
3606,34.1659
3607,34.1617
3608,34.1575
3609,34.1533
3610,34.1491
3611,34.145
3612,34.1408
3613,34.1366
3614,34.1325
3615,34.1284
3616,34.1242
3617,34.1201
3618,34.116
3619,34.1119
3620,34.1078
3621,34.1037
3622,34.0996
3623,34.0956
3624,34.0915
3625,34.0875
3626,34.0835
3627,34.0794
3628,34.0754
3629,34.0714
3630,34.0675
3631,34.0635
3632,34.0595
3633,34.0556
3634,34.0516
3635,34.0477
3636,34.0438
3637,34.0399
3638,34.036
3639,34.0322
3640,34.0283
3641,34.0244
3642,34.0206
3643,34.0168
3644,34.013
3645,34.0092
3646,34.0054
3647,34.0017
3648,33.9979
3649,33.9942
3650,33.9905
3651,33.9868
3652,33.9831
3653,33.9794
3654,33.9758
3655,33.9721
3656,33.9685
3657,33.9649
3658,33.9613
3659,33.9578
3660,33.9542
3661,33.9507
3662,33.9471
3663,33.9436
3664,33.9402
3665,33.9367
3666,33.9332
3667,33.9298
3668,33.9264
3669,33.923
3670,33.9196
3671,33.9163
3672,33.9129
3673,33.9096
3674,33.9063
3675,33.903
3676,33.8998
3677,33.8965
3678,33.8933
3679,33.8901
3680,33.8869
3681,33.8838
3682,33.8806
3683,33.8775
3684,33.8744
3685,33.8713
3686,33.8683
3687,33.8652
3688,33.8622
3689,33.8592
3690,33.8562
3691,33.8533
3692,33.8503
3693,33.8474
3694,33.8445
3695,33.8417
3696,33.8388
3697,33.836
3698,33.8332
3699,33.8304
3700,33.8277
3701,33.3422
3702,33.3396
3703,33.337
3704,33.3344
3705,33.3318
3706,33.3293
3707,33.3268
3708,33.3243
3709,33.3219
3710,33.3194
3711,33.317
3712,33.3146
3713,33.3123
3714,33.3099
3715,33.3076
3716,33.3054
3717,33.3031
3718,33.3009
3719,33.2987
3720,33.2965
3721,33.2943
3722,33.2922
3723,33.2901
3724,33.288
3725,33.286
3726,33.2839
3727,33.2819
3728,33.28
3729,33.278
3730,33.2761
3731,33.2742
3732,33.2724
3733,33.2705
3734,33.2687
3735,33.2669
3736,33.2652
3737,33.2635
3738,33.2618
3739,33.2601
3740,33.2585
3741,33.2569
3742,33.2553
3743,33.2537
3744,33.2522
3745,33.2507
3746,33.2492
3747,33.2478
3748,33.2464
3749,33.245
3750,33.2437
3751,33.2424
3752,33.2411
3753,33.2398
3754,33.2386
3755,33.2374
3756,33.2362
3757,33.2351
3758,33.234
3759,33.2329
3760,33.2318
3761,33.2308
3762,33.2298
3763,33.2289
3764,33.228
3765,33.2271
3766,33.2262
3767,33.2254
3768,33.2246
3769,33.2238
3770,33.223
3771,33.2223
3772,33.2217
3773,33.221
3774,33.2204
3775,33.2198
3776,33.2193
3777,33.2187
3778,33.2183
3779,33.2178
3780,33.2174
3781,33.217
3782,33.2166
3783,33.2163
3784,33.216
3785,33.2157
3786,33.2155
3787,33.2153
3788,33.2152
3789,33.215
3790,33.2149
3791,33.2149
3792,33.2148
3793,33.2148
3794,33.2149
3795,33.2149
3796,33.215
3797,33.2152
3798,33.2153
3799,33.2155
3800,33.2158
3801,32.7546
3802,32.7549
3803,32.7553
3804,32.7556
3805,32.756
3806,32.7564
3807,32.7569
3808,32.7574
3809,32.7579
3810,32.7585
3811,32.7591
3812,32.7597
3813,32.7604
3814,32.7611
3815,32.7618
3816,32.7625
3817,32.7633
3818,32.7642
3819,32.765
3820,32.7659
3821,32.7669
3822,32.7678
3823,32.7688
3824,32.7698
3825,32.7709
3826,32.772
3827,32.7732
3828,32.7743
3829,32.7755
3830,32.7768
3831,32.778
3832,32.7793
3833,32.7807
3834,32.7821
3835,32.7835
3836,32.7849
3837,32.7864
3838,32.7879
3839,32.7895
3840,32.791
3841,32.7927
3842,32.7943
3843,32.796
3844,32.7977
3845,32.7995
3846,32.8013
3847,32.8031
3848,32.8049
3849,32.8068
3850,32.8087
3851,32.8107
3852,32.8127
3853,32.8147
3854,32.8168
3855,32.8189
3856,32.821
3857,32.8232
3858,32.8254
3859,32.8276
3860,32.8299
3861,32.8322
3862,32.8345
3863,32.8369
3864,32.8393
3865,32.8417
3866,32.8442
3867,32.8467
3868,32.8493
3869,32.8518
3870,32.8545
3871,32.8571
3872,32.8598
3873,32.8625
3874,32.8652
3875,32.868
3876,32.8708
3877,32.8737
3878,32.8765
3879,32.8794
3880,32.8824
3881,32.8854
3882,32.8884
3883,32.8914
3884,32.8945
3885,32.8976
3886,32.9007
3887,32.9039
3888,32.9071
3889,32.9103
3890,32.9136
3891,32.9169
3892,32.9202
3893,32.9236
3894,32.927
3895,32.9304
3896,32.9339
3897,32.9374
3898,32.9409
3899,32.9445
3900,32.9481
3901,32.5067
3902,32.5102
3903,32.5138
3904,32.5174
3905,32.5211
3906,32.5248
3907,32.5285
3908,32.5322
3909,32.536
3910,32.5398
3911,32.5436
3912,32.5474
3913,32.5513
3914,32.5552
3915,32.5592
3916,32.5632
3917,32.5672
3918,32.5712
3919,32.5752
3920,32.5793
3921,32.5834
3922,32.5876
3923,32.5918
3924,32.596
3925,32.6002
3926,32.6044
3927,32.6087
3928,32.613
3929,32.6174
3930,32.6218
3931,32.6262
3932,32.6306
3933,32.635
3934,32.6395
3935,32.644
3936,32.6485
3937,32.6531
3938,32.6577
3939,32.6623
3940,32.6669
3941,32.6716
3942,32.6763
3943,32.681
3944,32.6857
3945,32.6905
3946,32.6953
3947,32.7001
3948,32.7049
3949,32.7098
3950,32.7147
3951,32.7196
3952,32.7245
3953,32.7294
3954,32.7344
3955,32.7394
3956,32.7444
3957,32.7495
3958,32.7545
3959,32.7596
3960,32.7647
3961,32.7699
3962,32.775
3963,32.7802
3964,32.7854
3965,32.7906
3966,32.7959
3967,32.8011
3968,32.7995
3969,32.796
3970,32.7928
3971,32.7897
3972,32.7868
3973,32.7841
3974,32.7816
3975,32.7792
3976,32.777
3977,32.775
3978,32.7732
3979,32.7716
3980,32.7701
3981,32.7688
3982,32.7677
3983,32.7668
3984,32.766
3985,32.7654
3986,32.7649
3987,32.7646
3988,32.7645
3989,32.7645
3990,32.7647
3991,32.7651
3992,32.7656
3993,32.7663
3994,32.7671
3995,32.7681
3996,32.7692
3997,32.7705
3998,32.7719
3999,32.7735
