Iteration,Mean Rebuild Frequency
0,4000
1,4000
2,4000
3,4000
4,4000
5,4000
6,4000
7,4000
8,4000
9,4000
10,4000
11,4000
12,4000
13,4000
14,4000
15,4000
16,4000
17,4000
18,4000
19,4000
20,4000
21,4000
22,4000
23,4000
24,4000
25,4000
26,4000
27,4000
28,4000
29,4000
30,4000
31,4000
32,4000
33,4000
34,4000
35,4000
36,4000
37,4000
38,4000
39,4000
40,4000
41,4000
42,4000
43,4000
44,4000
45,4000
46,4000
47,4000
48,4000
49,4000
50,4000
51,4000
52,4000
53,4000
54,4000
55,4000
56,4000
57,4000
58,4000
59,4000
60,4000
61,4000
62,4000
63,4000
64,4000
65,4000
66,4000
67,4000
68,4000
69,4000
70,4000
71,4000
72,4000
73,4000
74,4000
75,4000
76,4000
77,4000
78,4000
79,4000
80,4000
81,4000
82,4000
83,4000
84,4000
85,4000
86,4000
87,4000
88,4000
89,4000
90,4000
91,4000
92,4000
93,4000
94,4000
95,4000
96,4000
97,4000
98,4000
99,4000
100,4000
101,4000
102,4000
103,4000
104,4000
105,4000
106,4000
107,4000
108,4000
109,4000
110,4000
111,4000
112,4000
113,4000
114,4000
115,4000
116,4000
117,4000
118,4000
119,4000
120,4000
121,4000
122,4000
123,4000
124,4000
125,4000
126,4000
127,4000
128,4000
129,4000
130,4000
131,4000
132,4000
133,4000
134,4000
135,4000
136,4000
137,4000
138,4000
139,4000
140,4000
141,4000
142,4000
143,4000
144,4000
145,4000
146,4000
147,4000
148,4000
149,4000
150,4000
151,4000
152,4000
153,4000
154,4000
155,4000
156,4000
157,4000
158,4000
159,4000
160,4000
161,4000
162,4000
163,4000
164,4000
165,4000
166,4000
167,4000
168,4000
169,4000
170,4000
171,4000
172,4000
173,4000
174,4000
175,4000
176,4000
177,4000
178,4000
179,4000
180,4000
181,4000
182,4000
183,4000
184,4000
185,4000
186,4000
187,4000
188,4000
189,4000
190,4000
191,4000
192,4000
193,4000
194,4000
195,4000
196,4000
197,4000
198,4000
199,4000
200,4000
201,4000
202,4000
203,4000
204,4000
205,4000
206,4000
207,4000
208,4000
209,4000
210,4000
211,4000
212,4000
213,4000
214,4000
215,4000
216,4000
217,4000
218,4000
219,4000
220,4000
221,4000
222,4000
223,4000
224,4000
225,4000
226,4000
227,4000
228,4000
229,4000
230,4000
231,4000
232,4000
233,4000
234,4000
235,4000
236,4000
237,4000
238,4000
239,4000
240,4000
241,4000
242,4000
243,4000
244,4000
245,4000
246,4000
247,4000
248,4000
249,4000
250,4000
251,4000
252,4000
253,4000
254,4000
255,4000
256,4000
257,4000
258,4000
259,4000
260,4000
261,4000
262,4000
263,4000
264,4000
265,4000
266,4000
267,4000
268,4000
269,4000
270,4000
271,4000
272,4000
273,4000
274,4000
275,4000
276,4000
277,4000
278,4000
279,4000
280,4000
281,4000
282,4000
283,4000
284,4000
285,4000
286,4000
287,4000
288,4000
289,4000
290,4000
291,4000
292,4000
293,4000
294,4000
295,4000
296,4000
297,4000
298,4000
299,4000
300,4000
301,4000
302,4000
303,4000
304,4000
305,4000
306,4000
307,4000
308,4000
309,4000
310,4000
311,4000
312,4000
313,4000
314,4000
315,4000
316,4000
317,4000
318,4000
319,4000
320,4000
321,4000
322,4000
323,4000
324,4000
325,4000
326,4000
327,4000
328,4000
329,4000
330,4000
331,4000
332,4000
333,4000
334,4000
335,4000
336,4000
337,4000
338,4000
339,4000
340,1
341,2
342,3
343,4
344,5
345,6
346,7
347,8
348,9
349,10
350,11
351,12
352,13
353,14
354,15
355,16
356,17
357,18
358,19
359,20
360,21
361,22
362,23
363,24
364,25
365,26
366,27
367,28
368,29
369,30
370,31
371,32
372,33
373,34
374,35
375,36
376,37
377,38
378,39
379,40
380,41
381,42
382,43
383,44
384,45
385,46
386,47
387,48
388,49
389,50
390,51
391,52
392,53
393,54
394,55
395,56
396,57
397,58
398,59
399,60
400,61
401,62
402,63
403,64
404,65
405,66
406,67
407,68
408,69
409,70
410,71
411,72
412,73
413,74
414,75
415,76
416,77
417,78
418,79
419,80
420,40.5
421,41
422,41.5
423,42
424,42.5
425,43
426,43.5
427,44
428,44.5
429,45
430,45.5
431,46
432,46.5
433,47
434,47.5
435,48
436,48.5
437,49
438,49.5
439,50
440,50.5
441,51
442,51.5
443,52
444,52.5
445,53
446,53.5
447,54
448,54.5
449,55
450,55.5
451,56
452,56.5
453,57
454,57.5
455,58
456,58.5
457,59
458,59.5
459,60
460,60.5
461,61
462,61.5
463,62
464,62.5
465,63
466,63.5
467,64
468,64.5
469,65
470,65.5
471,66
472,66.5
473,67
474,67.5
475,68
476,68.5
477,69
478,69.5
479,70
480,70.5
481,71
482,71.5
483,72
484,72.5
485,73
486,73.5
487,74
488,74.5
489,75
490,75.5
491,76
492,76.5
493,77
494,51.6667
495,52
496,52.3333
497,52.6667
498,53
499,53.3333
500,53.6667
501,54
502,54.3333
503,54.6667
504,55
505,55.3333
506,55.6667
507,56
508,56.3333
509,56.6667
510,57
511,57.3333
512,57.6667
513,58
514,58.3333
515,58.6667
516,59
517,59.3333
518,59.6667
519,60
520,60.3333
521,60.6667
522,61
523,61.3333
524,61.6667
525,62
526,62.3333
527,62.6667
528,63
529,63.3333
530,63.6667
531,64
532,64.3333
533,64.6667
534,65
535,65.3333
536,65.6667
537,66
538,66.3333
539,66.6667
540,67
541,67.3333
542,67.6667
543,68
544,68.3333
545,68.6667
546,69
547,69.3333
548,69.6667
549,70
550,70.3333
551,70.6667
552,71
553,71.3333
554,71.6667
555,72
556,72.3333
557,72.6667
558,73
559,73.3333
560,73.6667
561,74
562,74.3333
563,56
564,56.25
565,56.5
566,56.75
567,57
568,57.25
569,57.5
570,57.75
571,58
572,58.25
573,58.5
574,58.75
575,59
576,59.25
577,59.5
578,59.75
579,60
580,60.25
581,60.5
582,60.75
583,61
584,61.25
585,61.5
586,61.75
587,62
588,62.25
589,62.5
590,62.75
591,63
592,63.25
593,63.5
594,63.75
595,64
596,64.25
597,64.5
598,64.75
599,65
600,65.25
601,65.5
602,65.75
603,66
604,66.25
605,66.5
606,66.75
607,67
608,67.25
609,67.5
610,67.75
611,68
612,68.25
613,68.5
614,68.75
615,69
616,69.25
617,69.5
618,69.75
619,70
620,70.25
621,70.5
622,70.75
623,71
624,71.25
625,71.5
626,71.75
627,72
628,72.25
629,72.5
630,58.2
631,58.4
632,58.6
633,58.8
634,59
635,59.2
636,59.4
637,59.6
638,59.8
639,60
640,60.2
641,60.4
642,60.6
643,60.8
644,61
645,61.2
646,61.4
647,61.6
648,61.8
649,62
650,62.2
651,62.4
652,62.6
653,62.8
654,63
655,63.2
656,63.4
657,63.6
658,63.8
659,64
660,64.2
661,64.4
662,64.6
663,64.8
664,65
665,65.2
666,65.4
667,65.6
668,65.8
669,66
670,66.2
671,66.4
672,66.6
673,66.8
674,67
675,67.2
676,67.4
677,67.6
678,67.8
679,68
680,68.2
681,68.4
682,68.6
683,68.8
684,69
685,69.2
686,69.4
687,69.6
688,69.8
689,70
690,70.2
691,70.4
692,70.6
693,70.8
694,71
695,59.3333
696,59.5
697,59.6667
698,59.8333
699,60
700,60.1667
701,60.3333
702,60.5
703,60.6667
704,60.8333
705,61
706,61.1667
707,61.3333
708,61.5
709,61.6667
710,61.8333
711,62
712,62.1667
713,62.3333
714,62.5
715,62.6667
716,62.8333
717,63
718,63.1667
719,63.3333
720,63.5
721,63.6667
722,63.8333
723,64
724,64.1667
725,64.3333
726,64.5
727,64.6667
728,64.8333
729,65
730,65.1667
731,65.3333
732,65.5
733,65.6667
734,65.8333
735,66
736,66.1667
737,66.3333
738,66.5
739,66.6667
740,66.8333
741,67
742,67.1667
743,67.3333
744,67.5
745,67.6667
746,67.8333
747,68
748,68.1667
749,68.3333
750,68.5
751,68.6667
752,68.8333
753,69
754,69.1667
755,69.3333
756,59.5714
757,59.7143
758,59.8571
759,60
760,60.1429
761,60.2857
762,60.4286
763,60.5714
764,60.7143
765,60.8571
766,61
767,61.1429
768,61.2857
769,61.4286
770,61.5714
771,61.7143
772,61.8571
773,62
774,62.1429
775,62.2857
776,62.4286
777,62.5714
778,62.7143
779,62.8571
780,63
781,63.1429
782,63.2857
783,63.4286
784,63.5714
785,63.7143
786,63.8571
787,64
788,64.1429
789,64.2857
790,64.4286
791,64.5714
792,64.7143
793,64.8571
794,65
795,65.1429
796,65.2857
797,65.4286
798,65.5714
799,65.7143
800,65.8571
801,66
802,66.1429
803,66.2857
804,66.4286
805,66.5714
806,66.7143
807,66.8571
808,67
809,67.1429
810,67.2857
811,67.4286
812,67.5714
813,67.7143
814,67.8571
815,68
816,59.625
817,59.75
818,59.875
819,60
820,60.125
821,60.25
822,60.375
823,60.5
824,60.625
825,60.75
826,60.875
827,61
828,61.125
829,61.25
830,61.375
831,61.5
832,61.625
833,61.75
834,61.875
835,62
836,62.125
837,62.25
838,62.375
839,62.5
840,62.625
841,62.75
842,62.875
843,63
844,63.125
845,63.25
846,63.375
847,63.5
848,63.625
849,63.75
850,63.875
851,64
852,64.125
853,64.25
854,64.375
855,64.5
856,64.625
857,64.75
858,64.875
859,65
860,65.125
861,65.25
862,65.375
863,65.5
864,65.625
865,65.75
866,65.875
867,66
868,66.125
869,66.25
870,66.375
871,66.5
872,66.625
873,66.75
874,59.4444
875,59.5556
876,59.6667
877,59.7778
878,59.8889
879,60
880,60.1111
881,60.2222
882,60.3333
883,60.4444
884,60.5556
885,60.6667
886,60.7778
887,60.8889
888,61
889,61.1111
890,61.2222
891,61.3333
892,61.4444
893,61.5556
894,61.6667
895,61.7778
896,61.8889
897,62
898,62.1111
899,62.2222
900,62.3333
901,62.4444
902,62.5556
903,62.6667
904,62.7778
905,62.8889
906,63
907,63.1111
908,63.2222
909,63.3333
910,63.4444
911,63.5556
912,63.6667
913,63.7778
914,63.8889
915,64
916,64.1111
917,64.2222
918,64.3333
919,64.4444
920,64.5556
921,64.6667
922,64.7778
923,64.8889
924,65
925,65.1111
926,65.2222
927,65.3333
928,65.4444
929,65.5556
930,65.6667
931,59.2
932,59.3
933,59.4
934,59.5
935,59.6
936,59.7
937,59.8
938,59.9
939,60
940,60.1
941,60.2
942,60.3
943,60.4
944,60.5
945,60.6
946,60.7
947,60.8
948,60.9
949,61
950,61.1
951,61.2
952,61.3
953,61.4
954,61.5
955,61.6
956,61.7
957,61.8
958,61.9
959,62
960,62.1
961,62.2
962,62.3
963,62.4
964,62.5
965,62.6
966,62.7
967,62.8
968,62.9
969,63
970,63.1
971,63.2
972,63.3
973,63.4
974,63.5
975,63.6
976,63.7
977,63.8
978,63.9
979,64
980,64.1
981,64.2
982,64.3
983,64.4
984,64.5
985,64.6
986,58.8182
987,58.9091
988,59
989,59.0909
990,59.1818
991,59.2727
992,59.3636
993,59.4545
994,59.5455
995,59.6364
996,59.7273
997,59.8182
998,59.9091
999,60
1000,60.0909
1001,60.1818
1002,60.2727
1003,60.3636
1004,60.4545
1005,60.5455
1006,60.6364
1007,60.7273
1008,60.8182
1009,60.9091
1010,61
1011,61.0909
1012,61.1818
1013,61.2727
1014,61.3636
1015,61.4545
1016,61.5455
1017,61.6364
1018,61.7273
1019,61.8182
1020,61.9091
1021,62
1022,62.0909
1023,62.1818
1024,62.2727
1025,62.3636
1026,62.4545
1027,62.5455
1028,62.6364
1029,62.7273
1030,62.8182
1031,62.9091
1032,63
1033,63.0909
1034,63.1818
1035,63.2727
1036,63.3636
1037,63.4545
1038,63.5455
1039,58.3333
1040,58.4167
1041,58.5
1042,58.5833
1043,58.6667
1044,58.75
1045,58.8333
1046,58.9167
1047,59
1048,59.0833
1049,59.1667
1050,59.25
1051,59.3333
1052,59.4167
1053,59.5
1054,59.5833
1055,59.6667
1056,59.75
1057,59.8333
1058,59.9167
1059,60
1060,60.0833
1061,60.1667
1062,60.25
1063,60.3333
1064,60.4167
1065,60.5
1066,60.5833
1067,60.6667
1068,60.75
1069,60.8333
1070,60.9167
1071,61
1072,61.0833
1073,61.1667
1074,61.25
1075,61.3333
1076,61.4167
1077,61.5
1078,61.5833
1079,61.6667
1080,61.75
1081,61.8333
1082,61.9167
1083,62
1084,62.0833
1085,62.1667
1086,62.25
1087,62.3333
1088,62.4167
1089,62.5
1090,62.5833
1091,62.6667
1092,57.9231
1093,58
1094,58.0769
1095,58.1538
1096,58.2308
1097,58.3077
1098,58.3846
1099,58.4615
1100,58.5385
1101,58.6154
1102,58.6923
1103,58.7692
1104,58.8462
1105,58.9231
1106,59
1107,59.0769
1108,59.1538
1109,59.2308
1110,59.3077
1111,59.3846
1112,59.4615
1113,59.5385
1114,59.6154
1115,59.6923
1116,59.7692
1117,59.8462
1118,59.9231
1119,60
1120,60.0769
1121,60.1538
1122,60.2308
1123,60.3077
1124,60.3846
1125,60.4615
1126,60.5385
1127,60.6154
1128,60.6923
1129,60.7692
1130,60.8462
1131,60.9231
1132,61
1133,61.0769
1134,61.1538
1135,61.2308
1136,61.3077
1137,61.3846
1138,61.4615
1139,61.5385
1140,61.6154
1141,61.6923
1142,61.7692
1143,57.4286
1144,57.5
1145,57.5714
1146,57.6429
1147,57.7143
1148,57.7857
1149,57.8571
1150,57.9286
1151,58
1152,58.0714
1153,58.1429
1154,58.2143
1155,58.2857
1156,58.3571
1157,58.4286
1158,58.5
1159,58.5714
1160,58.6429
1161,58.7143
1162,58.7857
1163,58.8571
1164,58.9286
1165,59
1166,59.0714
1167,59.1429
1168,59.2143
1169,59.2857
1170,59.3571
1171,59.4286
1172,59.5
1173,59.5714
1174,59.6429
1175,59.7143
1176,59.7857
1177,59.8571
1178,59.9286
1179,60
1180,60.0714
1181,60.1429
1182,60.2143
1183,60.2857
1184,60.3571
1185,60.4286
1186,60.5
1187,60.5714
1188,60.6429
1189,60.7143
1190,60.7857
1191,60.8571
1192,60.9286
1193,61
1194,57
1195,57.0667
1196,57.1333
1197,57.2
1198,57.2667
1199,57.3333
1200,57.4
1201,57.4667
1202,57.5333
1203,57.6
1204,57.6667
1205,57.7333
1206,57.8
1207,57.8667
1208,57.9333
1209,58
1210,58.0667
1211,58.1333
1212,58.2
1213,58.2667
1214,58.3333
1215,58.4
1216,58.4667
1217,58.5333
1218,58.6
1219,58.6667
1220,58.7333
1221,58.8
1222,58.8667
1223,58.9333
1224,59
1225,59.0667
1226,59.1333
1227,59.2
1228,59.2667
1229,59.3333
1230,59.4
1231,59.4667
1232,59.5333
1233,59.6
1234,59.6667
1235,59.7333
1236,59.8
1237,59.8667
1238,59.9333
1239,60
1240,60.0667
1241,60.1333
1242,60.2
1243,56.5
1244,56.5625
1245,56.625
1246,56.6875
1247,56.75
1248,56.8125
1249,56.875
1250,56.9375
1251,57
1252,57.0625
1253,57.125
1254,57.1875
1255,57.25
1256,57.3125
1257,57.375
1258,57.4375
1259,57.5
1260,57.5625
1261,57.625
1262,57.6875
1263,57.75
1264,57.8125
1265,57.875
1266,57.9375
1267,58
1268,58.0625
1269,58.125
1270,58.1875
1271,58.25
1272,58.3125
1273,58.375
1274,58.4375
1275,58.5
1276,58.5625
1277,58.625
1278,58.6875
1279,58.75
1280,58.8125
1281,58.875
1282,58.9375
1283,59
1284,59.0625
1285,59.125
1286,59.1875
1287,59.25
1288,59.3125
1289,59.375
1290,59.4375
1291,59.5
1292,56.0588
1293,56.1176
1294,56.1765
1295,56.2353
1296,56.2941
1297,56.3529
1298,56.4118
1299,56.4706
1300,56.5294
1301,56.5882
1302,56.6471
1303,56.7059
1304,56.7647
1305,56.8235
1306,56.8824
1307,56.9412
1308,57
1309,57.0588
1310,57.1176
1311,57.1765
1312,57.2353
1313,57.2941
1314,57.3529
1315,57.4118
1316,57.4706
1317,57.5294
1318,57.5882
1319,57.6471
1320,57.7059
1321,57.7647
1322,57.8235
1323,57.8824
1324,57.9412
1325,58
1326,58.0588
1327,58.1176
1328,58.1765
1329,58.2353
1330,58.2941
1331,58.3529
1332,58.4118
1333,58.4706
1334,58.5294
1335,58.5882
1336,58.6471
1337,58.7059
1338,58.7647
1339,55.5556
1340,55.6111
1341,55.6667
1342,55.7222
1343,55.7778
1344,55.8333
1345,55.8889
1346,55.9444
1347,56
1348,56.0556
1349,56.1111
1350,56.1667
1351,56.2222
1352,56.2778
1353,56.3333
1354,56.3889
1355,56.4444
1356,56.5
1357,56.5556
1358,56.6111
1359,56.6667
1360,56.7222
1361,56.7778
1362,56.8333
1363,56.8889
1364,56.9444
1365,57
1366,57.0556
1367,57.1111
1368,57.1667
1369,57.2222
1370,57.2778
1371,57.3333
1372,57.3889
1373,57.4444
1374,57.5
1375,57.5556
1376,57.6111
1377,57.6667
1378,57.7222
1379,57.7778
1380,57.8333
1381,57.8889
1382,57.9444
1383,58
1384,58.0556
1385,58.1111
1386,55.1053
1387,55.1579
1388,55.2105
1389,55.2632
1390,55.3158
1391,55.3684
1392,55.4211
1393,55.4737
1394,55.5263
1395,55.5789
1396,55.6316
1397,55.6842
1398,55.7368
1399,55.7895
1400,55.8421
1401,55.8947
1402,55.9474
1403,56
1404,56.0526
1405,56.1053
1406,56.1579
1407,56.2105
1408,56.2632
1409,56.3158
1410,56.3684
1411,56.4211
1412,56.4737
1413,56.5263
1414,56.5789
1415,56.6316
1416,56.6842
1417,56.7368
1418,56.7895
1419,56.8421
1420,56.8947
1421,56.9474
1422,57
1423,57.0526
1424,57.1053
1425,57.1579
1426,57.2105
1427,57.2632
1428,57.3158
1429,57.3684
1430,57.4211
1431,54.6
1432,54.65
1433,54.7
1434,54.75
1435,54.8
1436,54.85
1437,54.9
1438,54.95
1439,55
1440,55.05
1441,55.1
1442,55.15
1443,55.2
1444,55.25
1445,55.3
1446,55.35
1447,55.4
1448,55.45
1449,55.5
1450,55.55
1451,55.6
1452,55.65
1453,55.7
1454,55.75
1455,55.8
1456,55.85
1457,55.9
1458,55.95
1459,56
1460,56.05
1461,56.1
1462,56.15
1463,56.2
1464,56.25
1465,56.3
1466,56.35
1467,56.4
1468,56.45
1469,56.5
1470,56.55
1471,56.6
1472,56.65
1473,56.7
1474,56.75
1475,56.8
1476,54.1429
1477,54.1905
1478,54.2381
1479,54.2857
1480,54.3333
1481,54.381
1482,54.4286
1483,54.4762
1484,54.5238
1485,54.5714
1486,54.619
1487,54.6667
1488,54.7143
1489,54.7619
1490,54.8095
1491,54.8571
1492,54.9048
1493,54.9524
1494,55
1495,55.0476
1496,55.0952
1497,55.1429
1498,55.1905
1499,55.2381
1500,55.2857
1501,55.3333
1502,55.381
1503,55.4286
1504,55.4762
1505,55.5238
1506,55.5714
1507,55.619
1508,55.6667
1509,55.7143
1510,55.7619
1511,55.8095
1512,55.8571
1513,55.9048
1514,55.9524
1515,56
1516,56.0476
1517,56.0952
1518,56.1429
1519,56.1905
1520,53.6818
1521,53.7273
1522,53.7727
1523,53.8182
1524,53.8636
1525,53.9091
1526,53.9545
1527,54
1528,54.0455
1529,54.0909
1530,54.1364
1531,54.1818
1532,54.2273
1533,54.2727
1534,54.3182
1535,54.3636
1536,54.4091
1537,54.4545
1538,54.5
1539,54.5455
1540,54.5909
1541,54.6364
1542,54.6818
1543,54.7273
1544,54.7727
1545,54.8182
1546,54.8636
1547,54.9091
1548,54.9545
1549,55
1550,55.0455
1551,55.0909
1552,55.1364
1553,55.1818
1554,55.2273
1555,55.2727
1556,55.3182
1557,55.3636
1558,55.4091
1559,55.4545
1560,55.5
1561,55.5455
1562,55.5909
1563,53.2174
1564,53.2609
1565,53.3043
1566,53.3478
1567,53.3913
1568,53.4348
1569,53.4783
1570,53.5217
1571,53.5652
1572,53.6087
1573,53.6522
1574,53.6957
1575,53.7391
1576,53.7826
1577,53.8261
1578,53.8696
1579,53.913
1580,53.9565
1581,54
1582,54.0435
1583,54.087
1584,54.1304
1585,54.1739
1586,54.2174
1587,54.2609
1588,54.3043
1589,54.3478
1590,54.3913
1591,54.4348
1592,54.4783
1593,54.5217
1594,54.5652
1595,54.6087
1596,54.6522
1597,54.6957
1598,54.7391
1599,54.7826
1600,54.8261
1601,54.8696
1602,54.913
1603,54.9565
1604,55
1605,55.0435
1606,52.7917
1607,52.8333
1608,52.875
1609,52.9167
1610,52.9583
1611,53
1612,53.0417
1613,53.0833
1614,53.125
1615,53.1667
1616,53.2083
1617,53.25
1618,53.2917
1619,53.3333
1620,53.375
1621,53.4167
1622,53.4583
1623,53.5
1624,53.5417
1625,53.5833
1626,53.625
1627,53.6667
1628,53.7083
1629,53.75
1630,53.7917
1631,53.8333
1632,53.875
1633,53.9167
1634,53.9583
1635,54
1636,54.0417
1637,54.0833
1638,54.125
1639,54.1667
1640,54.2083
1641,54.25
1642,54.2917
1643,54.3333
1644,54.375
1645,54.4167
1646,54.4583
1647,52.32
1648,52.36
1649,52.4
1650,52.44
1651,52.48
1652,52.52
1653,52.56
1654,52.6
1655,52.64
1656,52.68
1657,52.72
1658,52.76
1659,52.8
1660,52.84
1661,52.88
1662,52.92
1663,52.96
1664,53
1665,53.04
1666,53.08
1667,53.12
1668,53.16
1669,53.2
1670,53.24
1671,53.28
1672,53.32
1673,53.36
1674,53.4
1675,53.44
1676,53.48
1677,53.52
1678,53.56
1679,53.6
1680,53.64
1681,53.68
1682,53.72
1683,53.76
1684,53.8
1685,53.84
1686,53.88
1687,53.92
1688,51.8846
1689,51.9231
1690,51.9615
1691,52
1692,52.0385
1693,52.0769
1694,52.1154
1695,52.1538
1696,52.1923
1697,52.2308
1698,52.2692
1699,52.3077
1700,52.3462
1701,52.3846
1702,52.4231
1703,52.4615
1704,52.5
1705,52.5385
1706,52.5769
1707,52.6154
1708,52.6538
1709,52.6923
1710,52.7308
1711,52.7692
1712,52.8077
1713,52.8462
1714,52.8846
1715,52.9231
1716,52.9615
1717,53
1718,53.0385
1719,53.0769
1720,53.1154
1721,53.1538
1722,53.1923
1723,53.2308
1724,53.2692
1725,53.3077
1726,53.3462
1727,53.3846
1728,51.4444
1729,51.4815
1730,51.5185
1731,51.5556
1732,51.5926
1733,51.6296
1734,51.6667
1735,51.7037
1736,51.7407
1737,51.7778
1738,51.8148
1739,51.8519
1740,51.8889
1741,51.9259
1742,51.963
1743,52
1744,52.037
1745,52.0741
1746,52.1111
1747,52.1481
1748,52.1852
1749,52.2222
1750,52.2593
1751,52.2963
1752,52.3333
1753,52.3704
1754,52.4074
1755,52.4444
1756,52.4815
1757,52.5185
1758,52.5556
1759,52.5926
1760,52.6296
1761,52.6667
1762,52.7037
1763,52.7407
1764,52.7778
1765,52.8148
1766,52.8519
1767,52.8889
1768,51.0357
1769,51.0714
1770,51.1071
1771,51.1429
1772,51.1786
1773,51.2143
1774,51.25
1775,51.2857
1776,51.3214
1777,51.3571
1778,51.3929
1779,51.4286
1780,51.4643
1781,51.5
1782,51.5357
1783,51.5714
1784,51.6071
1785,51.6429
1786,51.6786
1787,51.7143
1788,51.75
1789,51.7857
1790,51.8214
1791,51.8571
1792,51.8929
1793,51.9286
1794,51.9643
1795,52
1796,52.0357
1797,52.0714
1798,52.1071
1799,52.1429
1800,52.1786
1801,52.2143
1802,52.25
1803,52.2857
1804,52.3214
1805,52.3571
1806,52.3929
1807,50.6207
1808,50.6552
1809,50.6897
1810,50.7241
1811,50.7586
1812,50.7931
1813,50.8276
1814,50.8621
1815,50.8966
1816,50.931
1817,50.9655
1818,51
1819,51.0345
1820,51.069
1821,51.1034
1822,51.1379
1823,51.1724
1824,51.2069
1825,51.2414
1826,51.2759
1827,51.3103
1828,51.3448
1829,51.3793
1830,51.4138
1831,51.4483
1832,51.4828
1833,51.5172
1834,51.5517
1835,51.5862
1836,51.6207
1837,51.6552
1838,51.6897
1839,51.7241
1840,51.7586
1841,51.7931
1842,51.8276
1843,51.8621
1844,51.8966
1845,50.2
1846,50.2333
1847,50.2667
1848,50.3
1849,50.3333
1850,50.3667
1851,50.4
1852,50.4333
1853,50.4667
1854,50.5
1855,50.5333
1856,50.5667
1857,50.6
1858,50.6333
1859,50.6667
1860,50.7
1861,50.7333
1862,50.7667
1863,50.8
1864,50.8333
1865,50.8667
1866,50.9
1867,50.9333
1868,50.9667
1869,51
1870,51.0333
1871,51.0667
1872,51.1
1873,51.1333
1874,51.1667
1875,51.2
1876,51.2333
1877,51.2667
1878,51.3
1879,51.3333
1880,51.3667
1881,51.4
1882,51.4333
1883,49.8065
1884,49.8387
1885,49.871
1886,49.9032
1887,49.9355
1888,49.9677
1889,50
1890,50.0323
1891,50.0645
1892,50.0968
1893,50.129
1894,50.1613
1895,50.1935
1896,50.2258
1897,50.2581
1898,50.2903
1899,50.3226
1900,50.3548
1901,50.3871
1902,50.4194
1903,50.4516
1904,50.4839
1905,50.5161
1906,50.5484
1907,50.5806
1908,50.6129
1909,50.6452
1910,50.6774
1911,50.7097
1912,50.7419
1913,50.7742
1914,50.8065
1915,50.8387
1916,50.871
1917,50.9032
1918,50.9355
1919,50.9677
1920,51
1921,49.4375
1922,49.4688
1923,49.5
1924,49.5312
1925,49.5625
1926,49.5938
1927,49.625
1928,49.6562
1929,49.6875
1930,49.7188
1931,49.75
1932,49.7812
1933,49.8125
1934,49.8438
1935,49.875
1936,49.9062
1937,49.9375
1938,49.9688
1939,50
1940,50.0312
1941,50.0625
1942,50.0938
1943,50.125
1944,50.1562
1945,50.1875
1946,50.2188
1947,50.25
1948,50.2812
1949,50.3125
1950,50.3438
1951,50.375
1952,50.4062
1953,50.4375
1954,50.4688
1955,50.5
1956,50.5312
1957,50.5625
1958,49.0606
1959,49.0909
1960,49.1212
1961,49.1515
1962,49.1818
1963,49.2121
1964,49.2424
1965,49.2727
1966,49.303
1967,49.3333
1968,49.3636
1969,49.3939
1970,49.4242
1971,49.4545
1972,49.4848
1973,49.5152
1974,49.5455
1975,49.5758
1976,49.6061
1977,49.6364
1978,49.6667
1979,49.697
1980,49.7273
1981,49.7576
1982,49.7879
1983,49.8182
1984,49.8485
1985,49.8788
1986,49.9091
1987,49.9394
1988,49.9697
1989,50
1990,50.0303
1991,50.0606
1992,50.0909
1993,50.1212
1994,50.1515
1995,48.7059
1996,48.7353
1997,48.7647
1998,48.7941
1999,48.8235
2000,48.8529
2001,48.8824
2002,48.9118
2003,48.9412
2004,48.9706
2005,49
2006,49.0294
2007,49.0588
2008,49.0882
2009,49.1176
2010,49.1471
2011,49.1765
2012,49.2059
2013,49.2353
2014,49.2647
2015,49.2941
2016,49.3235
2017,49.3529
2018,49.3824
2019,49.4118
2020,49.4412
2021,49.4706
2022,49.5
2023,49.5294
2024,49.5588
2025,49.5882
2026,49.6176
2027,49.6471
2028,49.6765
2029,49.7059
2030,49.7353
2031,48.3429
2032,48.3714
2033,48.4
2034,48.4286
2035,48.4571
2036,48.4857
2037,48.5143
2038,48.5429
2039,48.5714
2040,48.6
2041,48.6286
2042,48.6571
2043,48.6857
2044,48.7143
2045,48.7429
2046,48.7714
2047,48.8
2048,48.8286
2049,48.8571
2050,48.8857
2051,48.9143
2052,48.9429
2053,48.9714
2054,49
2055,49.0286
2056,49.0571
2057,49.0857
2058,49.1143
2059,49.1429
2060,49.1714
2061,49.2
2062,49.2286
2063,49.2571
2064,49.2857
2065,49.3143
2066,49.3429
2067,48
2068,48.0278
2069,48.0556
2070,48.0833
2071,48.1111
2072,48.1389
2073,48.1667
2074,48.1944
2075,48.2222
2076,48.25
2077,48.2778
2078,48.3056
2079,48.3333
2080,48.3611
2081,48.3889
2082,48.4167
2083,48.4444
2084,48.4722
2085,48.5
2086,48.5278
2087,48.5556
2088,48.5833
2089,48.6111
2090,48.6389
2091,48.6667
2092,48.6944
2093,48.7222
2094,48.75
2095,48.7778
2096,48.8056
2097,48.8333
2098,48.8611
2099,48.8889
2100,48.9167
2101,48.9444
2102,48.9722
2103,49
2104,47.7027
2105,47.7297
2106,47.7568
2107,47.7838
2108,47.8108
2109,47.8378
2110,47.8649
2111,47.8919
2112,47.9189
2113,47.9459
2114,47.973
2115,48
2116,48.027
2117,48.0541
2118,48.0811
2119,48.1081
2120,48.1351
2121,48.1622
2122,48.1892
2123,48.2162
2124,48.2432
2125,48.2703
2126,48.2973
2127,48.3243
2128,48.3514
2129,48.3784
2130,48.4054
2131,48.4324
2132,48.4595
2133,48.4865
2134,48.5135
2135,48.5405
2136,48.5676
2137,48.5946
2138,48.6216
2139,48.6486
2140,47.3947
2141,47.4211
2142,47.4474
2143,47.4737
2144,47.5
2145,47.5263
2146,47.5526
2147,47.5789
2148,47.6053
2149,47.6316
2150,47.6579
2151,47.6842
2152,47.7105
2153,47.7368
2154,47.7632
2155,47.7895
2156,47.8158
2157,47.8421
2158,47.8684
2159,47.8947
2160,47.9211
2161,47.9474
2162,47.9737
2163,48
2164,48.0263
2165,48.0526
2166,48.0789
2167,48.1053
2168,48.1316
2169,48.1579
2170,48.1842
2171,48.2105
2172,48.2368
2173,48.2632
2174,48.2895
2175,48.3158
2176,48.3421
2177,47.1282
2178,47.1538
2179,47.1795
2180,47.2051
2181,47.2308
2182,47.2564
2183,47.2821
2184,47.3077
2185,47.3333
2186,47.359
2187,47.3846
2188,47.4103
2189,47.4359
2190,47.4615
2191,47.4872
2192,47.5128
2193,47.5385
2194,47.5641
2195,47.5897
2196,47.6154
2197,47.641
2198,47.6667
2199,47.6923
2200,47.7179
2201,47.7436
2202,47.7692
2203,47.7949
2204,47.8205
2205,47.8462
2206,47.8718
2207,47.8974
2208,47.9231
2209,47.9487
2210,47.9744
2211,48
2212,48.0256
2213,48.0513
2214,46.875
2215,46.9
2216,46.925
2217,46.95
2218,46.975
2219,47
2220,47.025
2221,47.05
2222,47.075
2223,47.1
2224,47.125
2225,47.15
2226,47.175
2227,47.2
2228,47.225
2229,47.25
2230,47.275
2231,47.3
2232,47.325
2233,47.35
2234,47.375
2235,47.4
2236,47.425
2237,47.45
2238,47.475
2239,47.5
2240,47.525
2241,47.55
2242,47.575
2243,47.6
2244,47.625
2245,47.65
2246,47.675
2247,47.7
2248,47.725
2249,47.75
2250,47.775
2251,46.6341
2252,46.6585
2253,46.6829
2254,46.7073
2255,46.7317
2256,46.7561
2257,46.7805
2258,46.8049
2259,46.8293
2260,46.8537
2261,46.878
2262,46.9024
2263,46.9268
2264,46.9512
2265,46.9756
2266,47
2267,47.0244
2268,47.0488
2269,47.0732
2270,47.0976
2271,47.122
2272,47.1463
2273,47.1707
2274,47.1951
2275,47.2195
2276,47.2439
2277,47.2683
2278,47.2927
2279,47.3171
2280,47.3415
2281,47.3659
2282,47.3902
2283,47.4146
2284,47.439
2285,47.4634
2286,47.4878
2287,47.5122
2288,47.5366
2289,46.4286
2290,46.4524
2291,46.4762
2292,46.5
2293,46.5238
2294,46.5476
2295,46.5714
2296,46.5952
2297,46.619
2298,46.6429
2299,46.6667
2300,46.6905
2301,46.7143
2302,46.7381
2303,46.7619
2304,46.7857
2305,46.8095
2306,46.8333
2307,46.8571
2308,46.881
2309,46.9048
2310,46.9286
2311,46.9524
2312,46.9762
2313,47
2314,47.0238
2315,47.0476
2316,47.0714
2317,47.0952
2318,47.119
2319,47.1429
2320,47.1667
2321,47.1905
2322,47.2143
2323,47.2381
2324,47.2619
2325,47.2857
2326,47.3095
2327,47.3333
2328,46.2558
2329,46.2791
2330,46.3023
2331,46.3256
2332,46.3488
2333,46.3721
2334,46.3953
2335,46.4186
2336,46.4419
2337,46.4651
2338,46.4884
2339,46.5116
2340,46.5349
2341,46.5581
2342,46.5814
2343,46.6047
2344,46.6279
2345,46.6512
2346,46.6744
2347,46.6977
2348,46.7209
2349,46.7442
2350,46.7674
2351,46.7907
2352,46.814
2353,46.8372
2354,46.8605
2355,46.8837
2356,46.907
2357,46.9302
2358,46.9535
2359,46.9767
2360,47
2361,47.0233
2362,47.0465
2363,47.0698
2364,47.093
2365,47.1163
2366,47.1395
2367,47.1628
2368,47.186
2369,46.1364
2370,46.1591
2371,46.1818
2372,46.2045
2373,46.2273
2374,46.25
2375,46.2727
2376,46.2955
2377,46.3182
2378,46.3409
2379,46.3636
2380,46.3864
2381,46.4091
2382,46.4318
2383,46.4545
2384,46.4773
2385,46.5
2386,46.5227
2387,46.5455
2388,46.5682
2389,46.5909
2390,46.6136
2391,46.6364
2392,46.6591
2393,46.6818
2394,46.7045
2395,46.7273
2396,46.75
2397,46.7727
2398,46.7955
2399,46.8182
2400,46.8409
2401,46.8636
2402,46.8864
2403,46.9091
2404,46.9318
2405,46.9545
2406,46.9773
2407,47
2408,47.0227
2409,47.0455
2410,47.0682
2411,46.0444
2412,46.0667
2413,46.0889
2414,46.1111
2415,46.1333
2416,46.1556
2417,46.1778
2418,46.2
2419,46.2222
2420,46.2444
2421,46.2667
2422,46.2889
2423,46.3111
2424,46.3333
2425,46.3556
2426,46.3778
2427,46.4
2428,46.4222
2429,46.4444
2430,46.4667
2431,46.4889
2432,46.5111
2433,46.5333
2434,46.5556
2435,46.5778
2436,46.6
2437,46.6222
2438,46.6444
2439,46.6667
2440,46.6889
2441,46.7111
2442,46.7333
2443,46.7556
2444,46.7778
2445,46.8
2446,46.8222
2447,46.8444
2448,46.8667
2449,46.8889
2450,46.9111
2451,46.9333
2452,45.9348
2453,45.9565
2454,45.9783
2455,46
2456,46.0217
2457,46.0435
2458,46.0652
2459,46.087
2460,46.1087
2461,46.1304
2462,46.1522
2463,46.1739
2464,46.1957
2465,46.2174
2466,46.2391
2467,46.2609
2468,46.2826
2469,46.3043
2470,46.3261
2471,46.3478
2472,46.3696
2473,46.3913
2474,46.413
2475,46.4348
2476,46.4565
2477,46.4783
2478,46.5
2479,46.5217
2480,46.5435
2481,46.5652
2482,46.587
2483,46.6087
2484,46.6304
2485,46.6522
2486,46.6739
2487,46.6957
2488,46.7174
2489,46.7391
2490,46.7609
2491,46.7826
2492,46.8043
2493,45.8298
2494,45.8511
2495,45.8723
2496,45.8936
2497,45.9149
2498,45.9362
2499,45.9574
2500,45.9787
2501,46
2502,46.0213
2503,46.0426
2504,46.0638
2505,46.0851
2506,46.1064
2507,46.1277
2508,46.1489
2509,46.1702
2510,46.1915
2511,46.2128
2512,46.234
2513,46.2553
2514,46.2766
2515,46.2979
2516,46.3191
2517,46.3404
2518,46.3617
2519,46.383
2520,46.4043
2521,46.4255
2522,46.4468
2523,46.4681
2524,46.4894
2525,46.5106
2526,46.5319
2527,46.5532
2528,46.5745
2529,46.5957
2530,46.617
2531,46.6383
2532,46.6596
2533,45.7083
2534,45.7292
2535,45.75
2536,45.7708
2537,45.7917
2538,45.8125
2539,45.8333
2540,45.8542
2541,45.875
2542,45.8958
2543,45.9167
2544,45.9375
2545,45.9583
2546,45.9792
2547,46
2548,46.0208
2549,46.0417
2550,46.0625
2551,46.0833
2552,46.1042
2553,46.125
2554,46.1458
2555,46.1667
2556,46.1875
2557,46.2083
2558,46.2292
2559,46.25
2560,46.2708
2561,46.2917
2562,46.3125
2563,46.3333
2564,46.3542
2565,46.375
2566,46.3958
2567,46.4167
2568,46.4375
2569,46.4583
2570,46.4792
2571,46.5
2572,46.5208
2573,45.5918
2574,45.6122
2575,45.6327
2576,45.6531
2577,45.6735
2578,45.6939
2579,45.7143
2580,45.7347
2581,45.7551
2582,45.7755
2583,45.7959
2584,45.8163
2585,45.8367
2586,45.8571
2587,45.8776
2588,45.898
2589,45.9184
2590,45.9388
2591,45.9592
2592,45.9796
2593,46
2594,46.0204
2595,46.0408
2596,46.0612
2597,46.0816
2598,46.102
2599,46.1224
2600,46.1429
2601,46.1633
2602,46.1837
2603,46.2041
2604,46.2245
2605,46.2449
2606,46.2653
2607,46.2857
2608,46.3061
2609,46.3265
2610,46.3469
2611,46.3673
2612,46.3878
2613,45.48
2614,45.5
2615,45.52
2616,45.54
2617,45.56
2618,45.58
2619,45.6
2620,45.62
2621,45.64
2622,45.66
2623,45.68
2624,45.7
2625,45.72
2626,45.74
2627,45.76
2628,45.78
2629,45.8
2630,45.82
2631,45.84
2632,45.86
2633,45.88
2634,45.9
2635,45.92
2636,45.94
2637,45.96
2638,45.98
2639,46
2640,46.02
2641,46.04
2642,46.06
2643,46.08
2644,46.1
2645,46.12
2646,46.14
2647,46.16
2648,46.18
2649,46.2
2650,46.22
2651,46.24
2652,45.3529
2653,45.3725
2654,45.3922
2655,45.4118
2656,45.4314
2657,45.451
2658,45.4706
2659,45.4902
2660,45.5098
2661,45.5294
2662,45.549
2663,45.5686
2664,45.5882
2665,45.6078
2666,45.6275
2667,45.6471
2668,45.6667
2669,45.6863
2670,45.7059
2671,45.7255
2672,45.7451
2673,45.7647
2674,45.7843
2675,45.8039
2676,45.8235
2677,45.8431
2678,45.8627
2679,45.8824
2680,45.902
2681,45.9216
2682,45.9412
2683,45.9608
2684,45.9804
2685,46
2686,46.0196
2687,46.0392
2688,46.0588
2689,46.0784
2690,45.2115
2691,45.2308
2692,45.25
2693,45.2692
2694,45.2885
2695,45.3077
2696,45.3269
2697,45.3462
2698,45.3654
2699,45.3846
2700,45.4038
2701,45.4231
2702,45.4423
2703,45.4615
2704,45.4808
2705,45.5
2706,45.5192
2707,45.5385
2708,45.5577
2709,45.5769
2710,45.5962
2711,45.6154
2712,45.6346
2713,45.6538
2714,45.6731
2715,45.6923
2716,45.7115
2717,45.7308
2718,45.75
2719,45.7692
2720,45.7885
2721,45.8077
2722,45.8269
2723,45.8462
2724,45.8654
2725,45.8846
2726,45.9038
2727,45.0566
2728,45.0755
2729,45.0943
2730,45.1132
2731,45.1321
2732,45.1509
2733,45.1698
2734,45.1887
2735,45.2075
2736,45.2264
2737,45.2453
2738,45.2642
2739,45.283
2740,45.3019
2741,45.3208
2742,45.3396
2743,45.3585
2744,45.3774
2745,45.3962
2746,45.4151
2747,45.434
2748,45.4528
2749,45.4717
2750,45.4906
2751,45.5094
2752,45.5283
2753,45.5472
2754,45.566
2755,45.5849
2756,45.6038
2757,45.6226
2758,45.6415
2759,45.6604
2760,45.6792
2761,45.6981
2762,45.717
2763,45.7358
2764,44.9074
2765,44.9259
2766,44.9444
2767,44.963
2768,44.9815
2769,45
2770,45.0185
2771,45.037
2772,45.0556
2773,45.0741
2774,45.0926
2775,45.1111
2776,45.1296
2777,45.1481
2778,45.1667
2779,45.1852
2780,45.2037
2781,45.2222
2782,45.2407
2783,45.2593
2784,45.2778
2785,45.2963
2786,45.3148
2787,45.3333
2788,45.3519
2789,45.3704
2790,45.3889
2791,45.4074
2792,45.4259
2793,45.4444
2794,45.463
2795,45.4815
2796,45.5
2797,45.5185
2798,45.537
2799,45.5556
2800,45.5741
2801,44.7636
2802,44.7818
2803,44.8
2804,44.8182
2805,44.8364
2806,44.8545
2807,44.8727
2808,44.8909
2809,44.9091
2810,44.9273
2811,44.9455
2812,44.9636
2813,44.9818
2814,45
2815,45.0182
2816,45.0364
2817,45.0545
2818,45.0727
2819,45.0909
2820,45.1091
2821,45.1273
2822,45.1455
2823,45.1636
2824,45.1818
2825,45.2
2826,45.2182
2827,45.2364
2828,45.2545
2829,45.2727
2830,45.2909
2831,45.3091
2832,45.3273
2833,45.3455
2834,45.3636
2835,45.3818
2836,45.4
2837,44.6071
2838,44.625
2839,44.6429
2840,44.6607
2841,44.6786
2842,44.6964
2843,44.7143
2844,44.7321
2845,44.75
2846,44.7679
2847,44.7857
2848,44.8036
2849,44.8214
2850,44.8393
2851,44.8571
2852,44.875
2853,44.8929
2854,44.9107
2855,44.9286
2856,44.9464
2857,44.9643
2858,44.9821
2859,45
2860,45.0179
2861,45.0357
2862,45.0536
2863,45.0714
2864,45.0893
2865,45.1071
2866,45.125
2867,45.1429
2868,45.1607
2869,45.1786
2870,45.1964
2871,45.2143
2872,45.2321
2873,44.4561
2874,44.4737
2875,44.4912
2876,44.5088
2877,44.5263
2878,44.5439
2879,44.5614
2880,44.5789
2881,44.5965
2882,44.614
2883,44.6316
2884,44.6491
2885,44.6667
2886,44.6842
2887,44.7018
2888,44.7193
2889,44.7368
2890,44.7544
2891,44.7719
2892,44.7895
2893,44.807
2894,44.8246
2895,44.8421
2896,44.8596
2897,44.8772
2898,44.8947
2899,44.9123
2900,44.9298
2901,44.9474
2902,44.9649
2903,44.9825
2904,45
2905,45.0175
2906,45.0351
2907,45.0526
2908,45.0702
2909,44.3103
2910,44.3276
2911,44.3448
2912,44.3621
2913,44.3793
2914,44.3966
2915,44.4138
2916,44.431
2917,44.4483
2918,44.4655
2919,44.4828
2920,44.5
2921,44.5172
2922,44.5345
2923,44.5517
2924,44.569
2925,44.5862
2926,44.6034
2927,44.6207
2928,44.6379
2929,44.6552
2930,44.6724
2931,44.6897
2932,44.7069
2933,44.7241
2934,44.7414
2935,44.7586
2936,44.7759
2937,44.7931
2938,44.8103
2939,44.8276
2940,44.8448
2941,44.8621
2942,44.8793
2943,44.8966
2944,44.9138
2945,44.1695
2946,44.1864
2947,44.2034
2948,44.2203
2949,44.2373
2950,44.2542
2951,44.2712
2952,44.2881
2953,44.3051
2954,44.322
2955,44.339
2956,44.3559
2957,44.3729
2958,44.3898
2959,44.4068
2960,44.4237
2961,44.4407
2962,44.4576
2963,44.4746
2964,44.4915
2965,44.5085
2966,44.5254
2967,44.5424
2968,44.5593
2969,44.5763
2970,44.5932
2971,44.6102
2972,44.6271
2973,44.6441
2974,44.661
2975,44.678
2976,44.6949
2977,44.7119
2978,44.7288
2979,44.7458
2980,44.7627
2981,44.0333
2982,44.05
2983,44.0667
2984,44.0833
2985,44.1
2986,44.1167
2987,44.1333
2988,44.15
2989,44.1667
2990,44.1833
2991,44.2
2992,44.2167
2993,44.2333
2994,44.25
2995,44.2667
2996,44.2833
2997,44.3
2998,44.3167
2999,44.3333
3000,44.35
3001,44.3667
3002,44.3833
3003,44.4
3004,44.4167
3005,44.4333
3006,44.45
3007,44.4667
3008,44.4833
3009,44.5
3010,44.5167
3011,44.5333
3012,44.55
3013,44.5667
3014,44.5833
3015,44.6
3016,44.6167
3017,43.9016
3018,43.918
3019,43.9344
3020,43.9508
3021,43.9672
3022,43.9836
3023,44
3024,44.0164
3025,44.0328
3026,44.0492
3027,44.0656
3028,44.082
3029,44.0984
3030,44.1148
3031,44.1311
3032,44.1475
3033,44.1639
3034,44.1803
3035,44.1967
3036,44.2131
3037,44.2295
3038,44.2459
3039,44.2623
3040,44.2787
3041,44.2951
3042,44.3115
3043,44.3279
3044,44.3443
3045,44.3607
3046,44.377
3047,44.3934
3048,44.4098
3049,44.4262
3050,44.4426
3051,44.459
3052,44.4754
3053,43.7742
3054,43.7903
3055,43.8065
3056,43.8226
3057,43.8387
3058,43.8548
3059,43.871
3060,43.8871
3061,43.9032
3062,43.9194
3063,43.9355
3064,43.9516
3065,43.9677
3066,43.9839
3067,44
3068,44.0161
3069,44.0323
3070,44.0484
3071,44.0645
3072,44.0806
3073,44.0968
3074,44.1129
3075,44.129
3076,44.1452
3077,44.1613
3078,44.1774
3079,44.1935
3080,44.2097
3081,44.2258
3082,44.2419
3083,44.2581
3084,44.2742
3085,44.2903
3086,44.3065
3087,44.3226
3088,43.6349
3089,43.6508
3090,43.6667
3091,43.6825
3092,43.6984
3093,43.7143
3094,43.7302
3095,43.746
3096,43.7619
3097,43.7778
3098,43.7937
3099,43.8095
3100,43.8254
3101,43.8413
3102,43.8571
3103,43.873
3104,43.8889
3105,43.9048
3106,43.9206
3107,43.9365
3108,43.9524
3109,43.9683
3110,43.9841
3111,44
3112,44.0159
3113,44.0317
3114,44.0476
3115,44.0635
3116,44.0794
3117,44.0952
3118,44.1111
3119,44.127
3120,44.1429
3121,44.1587
3122,44.1746
3123,43.5
3124,43.5156
3125,43.5312
3126,43.5469
3127,43.5625
3128,43.5781
3129,43.5938
3130,43.6094
3131,43.625
3132,43.6406
3133,43.6562
3134,43.6719
3135,43.6875
3136,43.7031
3137,43.7188
3138,43.7344
3139,43.75
3140,43.7656
3141,43.7812
3142,43.7969
3143,43.8125
3144,43.8281
3145,43.8438
3146,43.8594
3147,43.875
3148,43.8906
3149,43.9062
3150,43.9219
3151,43.9375
3152,43.9531
3153,43.9688
3154,43.9844
3155,44
3156,44.0156
3157,43.3538
3158,43.3692
3159,43.3846
3160,43.4
3161,43.4154
3162,43.4308
3163,43.4462
3164,43.4615
3165,43.4769
3166,43.4923
3167,43.5077
3168,43.5231
3169,43.5385
3170,43.5538
3171,43.5692
3172,43.5846
3173,43.6
3174,43.6154
3175,43.6308
3176,43.6462
3177,43.6615
3178,43.6769
3179,43.6923
3180,43.7077
3181,43.7231
3182,43.7385
3183,43.7538
3184,43.7692
3185,43.7846
3186,43.8
3187,43.8154
3188,43.8308
3189,43.8462
3190,43.8615
3191,43.2121
3192,43.2273
3193,43.2424
3194,43.2576
3195,43.2727
3196,43.2879
3197,43.303
3198,43.3182
3199,43.3333
3200,43.3485
3201,43.3636
3202,43.3788
3203,43.3939
3204,43.4091
3205,43.4242
3206,43.4394
3207,43.4545
3208,43.4697
3209,43.4848
3210,43.5
3211,43.5152
3212,43.5303
3213,43.5455
3214,43.5606
3215,43.5758
3216,43.5909
3217,43.6061
3218,43.6212
3219,43.6364
3220,43.6515
3221,43.6667
3222,43.6818
3223,43.697
3224,43.7121
3225,43.0746
3226,43.0896
3227,43.1045
3228,43.1194
3229,43.1343
3230,43.1493
3231,43.1642
3232,43.1791
3233,43.194
3234,43.209
3235,43.2239
3236,43.2388
3237,43.2537
3238,43.2687
3239,43.2836
3240,43.2985
3241,43.3134
3242,43.3284
3243,43.3433
3244,43.3582
3245,43.3731
3246,43.3881
3247,43.403
3248,43.4179
3249,43.4328
3250,43.4478
3251,43.4627
3252,43.4776
3253,43.4925
3254,43.5075
3255,43.5224
3256,43.5373
3257,43.5522
3258,43.5672
3259,42.9412
3260,42.9559
3261,42.9706
3262,42.9853
3263,43
3264,43.0147
3265,43.0294
3266,43.0441
3267,43.0588
3268,43.0735
3269,43.0882
3270,43.1029
3271,43.1176
3272,43.1324
3273,43.1471
3274,43.1618
3275,43.1765
3276,43.1912
3277,43.2059
3278,43.2206
3279,43.2353
3280,43.25
3281,43.2647
3282,43.2794
3283,43.2941
3284,43.3088
3285,43.3235
3286,43.3382
3287,43.3529
3288,43.3676
3289,43.3824
3290,43.3971
3291,43.4118
3292,43.4265
3293,42.8116
3294,42.8261
3295,42.8406
3296,42.8551
3297,42.8696
3298,42.8841
3299,42.8986
3300,42.913
3301,42.9275
3302,42.942
3303,42.9565
3304,42.971
3305,42.9855
3306,43
3307,43.0145
3308,43.029
3309,43.0435
3310,43.058
3311,43.0725
3312,43.087
3313,43.1014
3314,43.1159
3315,43.1304
3316,43.1449
3317,43.1594
3318,43.1739
3319,43.1884
3320,43.2029
3321,43.2174
3322,43.2319
3323,43.2464
3324,43.2609
3325,43.2754
3326,43.2899
3327,42.6857
3328,42.7
3329,42.7143
3330,42.7286
3331,42.7429
3332,42.7571
3333,42.7714
3334,42.7857
3335,42.8
3336,42.8143
3337,42.8286
3338,42.8429
3339,42.8571
3340,42.8714
3341,42.8857
3342,42.9
3343,42.9143
3344,42.9286
3345,42.9429
3346,42.9571
3347,42.9714
3348,42.9857
3349,43
3350,43.0143
3351,43.0286
3352,43.0429
3353,43.0571
3354,43.0714
3355,43.0857
3356,43.1
3357,43.1143
3358,43.1286
3359,43.1429
3360,43.1571
3361,42.5634
3362,42.5775
3363,42.5915
3364,42.6056
3365,42.6197
3366,42.6338
3367,42.6479
3368,42.662
3369,42.6761
3370,42.6901
3371,42.7042
3372,42.7183
3373,42.7324
3374,42.7465
3375,42.7606
3376,42.7746
3377,42.7887
3378,42.8028
3379,42.8169
3380,42.831
3381,42.8451
3382,42.8592
3383,42.8732
3384,42.8873
3385,42.9014
3386,42.9155
3387,42.9296
3388,42.9437
3389,42.9577
3390,42.9718
3391,42.9859
3392,43
3393,43.0141
3394,43.0282
3395,42.4444
3396,42.4583
3397,42.4722
3398,42.4861
3399,42.5
3400,42.5139
3401,42.5278
3402,42.5417
3403,42.5556
3404,42.5694
3405,42.5833
3406,42.5972
3407,42.6111
3408,42.625
3409,42.6389
3410,42.6528
3411,42.6667
3412,42.6806
3413,42.6944
3414,42.7083
3415,42.7222
3416,42.7361
3417,42.75
3418,42.7639
3419,42.7778
3420,42.7917
3421,42.8056
3422,42.8194
3423,42.8333
3424,42.8472
3425,42.8611
3426,42.875
3427,42.8889
3428,42.9028
3429,42.3288
3430,42.3425
3431,42.3562
3432,42.3699
3433,42.3836
3434,42.3973
3435,42.411
3436,42.4247
3437,42.4384
3438,42.4521
3439,42.4658
3440,42.4795
3441,42.4932
3442,42.5068
3443,42.5205
3444,42.5342
3445,42.5479
3446,42.5616
3447,42.5753
3448,42.589
3449,42.6027
3450,42.6164
3451,42.6301
3452,42.6438
3453,42.6575
3454,42.6712
3455,42.6849
3456,42.6986
3457,42.7123
3458,42.726
3459,42.7397
3460,42.7534
3461,42.7671
3462,42.7808
3463,42.7945
3464,42.2297
3465,42.2432
3466,42.2568
3467,42.2703
3468,42.2838
3469,42.2973
3470,42.3108
3471,42.3243
3472,42.3378
3473,42.3514
3474,42.3649
3475,42.3784
3476,42.3919
3477,42.4054
3478,42.4189
3479,42.4324
3480,42.4459
3481,42.4595
3482,42.473
3483,42.4865
3484,42.5
3485,42.5135
3486,42.527
3487,42.5405
3488,42.5541
3489,42.5676
3490,42.5811
3491,42.5946
3492,42.6081
3493,42.6216
3494,42.6351
3495,42.6486
3496,42.6622
3497,42.6757
3498,42.6892
3499,42.1333
3500,42.1467
3501,42.16
3502,42.1733
3503,42.1867
3504,42.2
3505,42.2133
3506,42.2267
3507,42.24
3508,42.2533
3509,42.2667
3510,42.28
3511,42.2933
3512,42.3067
3513,42.32
3514,42.3333
3515,42.3467
3516,42.36
3517,42.3733
3518,42.3867
3519,42.4
3520,42.4133
3521,42.4267
3522,42.44
3523,42.4533
3524,42.4667
3525,42.48
3526,42.4933
3527,42.5067
3528,42.52
3529,42.5333
3530,42.5467
3531,42.56
3532,42.5733
3533,42.0263
3534,42.0395
3535,42.0526
3536,42.0658
3537,42.0789
3538,42.0921
3539,42.1053
3540,42.1184
3541,42.1316
3542,42.1447
3543,42.1579
3544,42.1711
3545,42.1842
3546,42.1974
3547,42.2105
3548,42.2237
3549,42.2368
3550,42.25
3551,42.2632
3552,42.2763
3553,42.2895
3554,42.3026
3555,42.3158
3556,42.3289
3557,42.3421
3558,42.3553
3559,42.3684
3560,42.3816
3561,42.3947
3562,42.4079
3563,42.4211
3564,42.4342
3565,42.4474
3566,42.4605
3567,41.9221
3568,41.9351
3569,41.9481
3570,41.961
3571,41.974
3572,41.987
3573,42
3574,42.013
3575,42.026
3576,42.039
3577,42.0519
3578,42.0649
3579,42.0779
3580,42.0909
3581,42.1039
3582,42.1169
3583,42.1299
3584,42.1429
3585,42.1558
3586,42.1688
3587,42.1818
3588,42.1948
3589,42.2078
3590,42.2208
3591,42.2338
3592,42.2468
3593,42.2597
3594,42.2727
3595,42.2857
3596,42.2987
3597,42.3117
3598,42.3247
3599,42.3377
3600,42.3506
3601,41.8205
3602,41.8333
3603,41.8462
3604,41.859
3605,41.8718
3606,41.8846
3607,41.8974
3608,41.9103
3609,41.9231
3610,41.9359
3611,41.9487
3612,41.9615
3613,41.9744
3614,41.9872
3615,42
3616,42.0128
3617,42.0256
3618,42.0385
3619,42.0513
3620,42.0641
3621,42.0769
3622,42.0897
3623,42.1026
3624,42.1154
3625,42.1282
3626,42.141
3627,42.1538
3628,42.1667
3629,42.1795
3630,42.1923
3631,42.2051
3632,42.2179
3633,42.2308
3634,41.7089
3635,41.7215
3636,41.7342
3637,41.7468
3638,41.7595
3639,41.7722
3640,41.7848
3641,41.7975
3642,41.8101
3643,41.8228
3644,41.8354
3645,41.8481
3646,41.8608
3647,41.8734
3648,41.8861
3649,41.8987
3650,41.9114
3651,41.9241
3652,41.9367
3653,41.9494
3654,41.962
3655,41.9747
3656,41.9873
3657,42
3658,42.0127
3659,42.0253
3660,42.038
3661,42.0506
3662,42.0633
3663,42.0759
3664,42.0886
3665,42.1013
3666,42.1139
3667,41.6
3668,41.6125
3669,41.625
3670,41.6375
3671,41.65
3672,41.6625
3673,41.675
3674,41.6875
3675,41.7
3676,41.7125
3677,41.725
3678,41.7375
3679,41.75
3680,41.7625
3681,41.775
3682,41.7875
3683,41.8
3684,41.8125
3685,41.825
3686,41.8375
3687,41.85
3688,41.8625
3689,41.875
3690,41.8875
3691,41.9
3692,41.9125
3693,41.925
3694,41.9375
3695,41.95
3696,41.9625
3697,41.975
3698,41.9875
3699,42
3700,41.4938
3701,41.5062
3702,41.5185
3703,41.5309
3704,41.5432
3705,41.5556
3706,41.5679
3707,41.5802
3708,41.5926
3709,41.6049
3710,41.6173
3711,41.6296
3712,41.642
3713,41.6543
3714,41.6667
3715,41.679
3716,41.6914
3717,41.7037
3718,41.716
3719,41.7284
3720,41.7407
3721,41.7531
3722,41.7654
3723,41.7778
3724,41.7901
3725,41.8025
3726,41.8148
3727,41.8272
3728,41.8395
3729,41.8519
3730,41.8642
3731,41.8765
3732,41.378
3733,41.3902
3734,41.4024
3735,41.4146
3736,41.4268
3737,41.439
3738,41.4512
3739,41.4634
3740,41.4756
3741,41.4878
3742,41.5
3743,41.5122
3744,41.5244
3745,41.5366
3746,41.5488
3747,41.561
3748,41.5732
3749,41.5854
3750,41.5976
3751,41.6098
3752,41.622
3753,41.6341
3754,41.6463
3755,41.6585
3756,41.6707
3757,41.6829
3758,41.6951
3759,41.7073
3760,41.7195
3761,41.7317
3762,41.7439
3763,41.7561
3764,41.2651
3765,41.2771
3766,41.2892
3767,41.3012
3768,41.3133
3769,41.3253
3770,41.3373
3771,41.3494
3772,41.3614
3773,41.3735
3774,41.3855
3775,41.3976
3776,41.4096
3777,41.4217
3778,41.4337
3779,41.4458
3780,41.4578
3781,41.4699
3782,41.4819
3783,41.494
3784,41.506
3785,41.5181
3786,41.5301
3787,41.5422
3788,41.5542
3789,41.5663
3790,41.5783
3791,41.5904
3792,41.6024
3793,41.6145
3794,41.6265
3795,41.6386
3796,41.1548
3797,41.1667
3798,41.1786
3799,41.1905
3800,41.2024
3801,41.2143
3802,41.2262
3803,41.2381
3804,41.25
3805,41.2619
3806,41.2738
3807,41.2857
3808,41.2976
3809,41.3095
3810,41.3214
3811,41.3333
3812,41.3452
3813,41.3571
3814,41.369
3815,41.381
3816,41.3929
3817,41.4048
3818,41.4167
3819,41.4286
3820,41.4405
3821,41.4524
3822,41.4643
3823,41.4762
3824,41.4881
3825,41.5
3826,41.5119
3827,41.5238
3828,41.0471
3829,41.0588
3830,41.0706
3831,41.0824
3832,41.0941
3833,41.1059
3834,41.1176
3835,41.1294
3836,41.1412
3837,41.1529
3838,41.1647
3839,41.1765
3840,41.1882
3841,41.2
3842,41.2118
3843,41.2235
3844,41.2353
3845,41.2471
3846,41.2588
3847,41.2706
3848,41.2824
3849,41.2941
3850,41.3059
3851,41.3176
3852,41.3294
3853,41.3412
3854,41.3529
3855,41.3647
3856,41.3765
3857,41.3882
3858,41.4
3859,41.4118
3860,40.9419
3861,40.9535
3862,40.9651
3863,40.9767
3864,40.9884
3865,41
3866,41.0116
3867,41.0233
3868,41.0349
3869,41.0465
3870,41.0581
3871,41.0698
3872,41.0814
3873,41.093
3874,41.1047
3875,41.1163
3876,41.1279
3877,41.1395
3878,41.1512
3879,41.1628
3880,41.1744
3881,41.186
3882,41.1977
3883,41.2093
3884,41.2209
3885,41.2326
3886,41.2442
3887,41.2558
3888,41.2674
3889,41.2791
3890,41.2907
3891,41.3023
3892,40.8391
3893,40.8506
3894,40.8621
3895,40.8736
3896,40.8851
3897,40.8966
3898,40.908
3899,40.9195
3900,40.931
3901,40.9425
3902,40.954
3903,40.9655
3904,40.977
3905,40.9885
3906,41
3907,41.0115
3908,41.023
3909,41.0345
3910,41.046
3911,41.0575
3912,41.069
3913,41.0805
3914,41.092
3915,41.1034
3916,41.1149
3917,41.1264
3918,41.1379
3919,41.1494
3920,41.1609
3921,41.1724
3922,41.1839
3923,41.1954
3924,40.7386
3925,40.75
3926,40.7614
3927,40.7727
3928,40.7841
3929,40.7955
3930,40.8068
3931,40.8182
3932,40.8295
3933,40.8409
3934,40.8523
3935,40.8636
3936,40.875
3937,40.8864
3938,40.8977
3939,40.9091
3940,40.9205
3941,40.9318
3942,40.9432
3943,40.9545
3944,40.9659
3945,40.9773
3946,40.9886
3947,41
3948,41.0114
3949,41.0227
3950,41.0341
3951,41.0455
3952,41.0568
3953,41.0682
3954,41.0795
3955,41.0909
3956,40.6404
3957,40.6517
3958,40.6629
3959,40.6742
3960,40.6854
3961,40.6966
3962,40.7079
3963,40.7191
3964,40.7303
3965,40.7416
3966,40.7528
3967,40.764
3968,40.7753
3969,40.7865
3970,40.7978
3971,40.809
3972,40.8202
3973,40.8315
3974,40.8427
3975,40.8539
3976,40.8652
3977,40.8764
3978,40.8876
3979,40.8989
3980,40.9101
3981,40.9213
3982,40.9326
3983,40.9438
3984,40.9551
3985,40.9663
3986,40.9775
3987,40.9888
3988,41
3989,40.5556
3990,40.5667
3991,40.5778
3992,40.5889
3993,40.6
3994,40.6111
3995,40.6222
3996,40.6333
3997,40.6444
3998,40.6556
3999,40.6667
