Iteration, Maximum_Velocity
0,5.91505
1,5.9243
2,5.9245
3,5.92484
4,5.92531
5,5.92591
6,5.92665
7,5.92751
8,5.92852
9,5.92965
10,5.93094
11,5.9246
12,5.92618
13,5.92789
14,5.92975
15,5.93176
16,5.93388
17,5.93613
18,5.93848
19,5.94093
20,5.94349
21,5.92456
22,5.92728
23,5.93006
24,5.93289
25,5.93575
26,5.93862
27,5.94147
28,5.94428
29,5.94702
30,5.94964
31,5.91708
32,5.91937
33,5.92141
34,5.92311
35,5.92438
36,5.92514
37,5.92528
38,5.92468
39,5.92321
40,5.92072
41,5.87242
42,5.86737
43,5.86074
44,5.85231
45,5.84186
46,5.82911
47,5.81382
48,5.79572
49,5.77457
50,5.75014
51,5.68041
52,5.649
53,5.61658
54,5.60947
55,5.60098
56,5.591
57,5.57944
58,5.56623
59,5.55128
60,5.53449
61,5.49667
62,5.47604
63,5.45347
64,5.42898
65,5.40262
66,5.40459
67,5.40835
68,5.41147
69,5.41377
70,5.4151
71,5.42281
72,5.42137
73,5.41804
74,5.41239
75,5.42789
76,5.46622
77,5.50259
78,5.53659
79,5.56798
80,5.59664
81,5.63962
82,5.66295
83,5.68379
84,5.70232
85,5.71875
86,5.73328
87,5.74612
88,5.75746
89,5.7675
90,5.77645
91,5.79254
92,5.79972
93,5.80622
94,5.81213
95,5.81761
96,5.82274
97,5.82757
98,5.8322
99,5.83669
100,5.84108
101,5.83167
102,5.83598
103,5.84029
104,5.84461
105,5.84897
106,5.8534
107,5.8579
108,5.86251
109,5.86724
110,5.87204
111,5.84269
112,5.84772
113,5.85281
114,5.85797
115,5.86317
116,5.86841
117,5.87367
118,5.87892
119,5.88416
120,5.88937
121,5.84858
122,5.85366
123,5.85864
124,5.86345
125,5.86806
126,5.87241
127,5.87644
128,5.88011
129,5.88334
130,5.88607
131,5.84127
132,5.84283
133,5.84368
134,5.8437
135,5.8428
136,5.84086
137,5.83778
138,5.83342
139,5.82766
140,5.82036
141,5.76579
142,5.75498
143,5.7422
144,5.7273
145,5.71013
146,5.69054
147,5.66838
148,5.70193
149,5.76919
150,5.82939
151,5.83595
152,5.88352
153,5.92556
154,5.96259
155,5.99509
156,6.02354
157,6.04839
158,6.07007
159,6.08895
160,6.10539
161,6.07618
162,6.08862
163,6.09946
164,6.10893
165,6.11721
166,6.12447
167,6.1309
168,6.13666
169,6.14183
170,6.14649
171,6.11015
172,6.11403
173,6.11764
174,6.12102
175,6.12421
176,6.12725
177,6.13017
178,6.13299
179,6.13571
180,6.13836
181,6.10127
182,6.10372
183,6.10605
184,6.10825
185,6.11023
186,6.11193
187,6.11329
188,6.11421
189,6.11458
190,6.11428
191,6.07828
192,6.07617
193,6.07291
194,6.06828
195,6.06203
196,6.0539
197,6.04358
198,6.0308
199,6.01521
200,5.9964
201,5.94763
202,5.92116
203,5.89021
204,5.85434
205,5.81306
206,5.76593
207,5.7125
208,5.66343
209,5.66022
210,5.65707
211,5.63693
212,5.63865
213,5.64029
214,5.6419
215,5.64348
216,5.64505
217,5.64664
218,5.64824
219,5.64987
220,5.65151
221,5.6334
222,5.63505
223,5.63666
224,5.63822
225,5.63969
226,5.64102
227,5.64217
228,5.64306
229,5.64363
230,5.64379
231,5.62273
232,5.62177
233,5.62006
234,5.61746
235,5.61381
236,5.60894
237,5.60264
238,5.59471
239,5.58488
240,5.57291
241,5.53854
242,5.52139
243,5.50116
244,5.47748
245,5.45
246,5.45422
247,5.49768
248,5.53511
249,5.56637
250,5.59132
251,5.59277
252,5.60463
253,5.60975
254,5.608
255,5.59929
256,5.58361
257,5.56105
258,5.53183
259,5.49634
260,5.45525
261,5.39342
262,5.40237
263,5.41611
264,5.42897
265,5.44089
266,5.45181
267,5.46171
268,5.47058
269,5.47842
270,5.48524
271,5.47856
272,5.48341
273,5.48732
274,5.49035
275,5.49254
276,5.49394
277,5.49461
278,5.49459
279,5.49395
280,5.49273
281,5.48204
282,5.47983
283,5.47722
284,5.47427
285,5.47099
286,5.46742
287,5.46358
288,5.45953
289,5.4553
290,5.45091
291,5.44074
292,5.43613
293,5.43764
294,5.43999
295,5.44144
296,5.44216
297,5.44226
298,5.44186
299,5.44105
300,5.43993
301,5.43269
302,5.43115
303,5.42948
304,5.42774
305,5.42596
306,5.42418
307,5.42242
308,5.42073
309,5.41913
310,5.4176
311,5.41018
312,5.40882
313,5.40756
314,5.40637
315,5.40833
316,5.41013
317,5.41458
318,5.41849
319,5.42129
320,5.42305
321,5.41876
322,5.41846
323,5.41714
324,5.41476
325,5.41133
326,5.40681
327,5.40162
328,5.40057
329,5.39952
330,5.39852
331,5.39451
332,5.39362
333,5.3928
334,5.401
335,5.5341
336,5.65345
337,5.75939
338,5.85256
339,5.93375
340,6.00389
341,6.05889
342,6.10994
343,6.15295
344,6.18886
345,6.21855
346,6.24285
347,6.26249
348,6.27811
349,6.2903
350,6.29956
351,6.29976
352,6.30443
353,6.3073
354,6.30865
355,6.30868
356,6.30755
357,6.3054
358,6.30229
359,6.29829
360,6.2934
361,6.28007
362,6.27311
363,6.26492
364,6.25532
365,6.24404
366,6.23076
367,6.21508
368,6.19649
369,6.17442
370,6.14819
371,6.11412
372,6.07717
373,6.03345
374,5.98191
375,5.92143
376,5.85089
377,5.76921
378,5.67547
379,5.56903
380,5.4497
381,5.3881
382,5.38584
383,5.39459
384,5.41135
385,5.42626
386,5.43942
387,5.45093
388,5.46087
389,5.46934
390,5.4764
391,5.47974
392,5.48419
393,5.48743
394,5.48948
395,5.50192
396,5.51983
397,5.53528
398,5.54849
399,5.55966
400,5.56889
401,5.57197
402,5.5778
403,5.58211
404,5.58501
405,5.58661
406,5.58697
407,5.58619
408,5.58431
409,5.58138
410,5.57746
411,5.56817
412,5.56233
413,5.55558
414,5.54791
415,5.53936
416,5.52993
417,5.51963
418,5.50851
419,5.49658
420,5.48385
421,5.46819
422,5.45394
423,5.439
424,5.42345
425,5.40737
426,5.39082
427,5.37392
428,5.35677
429,5.33951
430,5.32229
431,5.3038
432,5.28709
433,5.27088
434,5.25533
435,5.2406
436,5.22683
437,5.21416
438,5.20269
439,5.19254
440,5.18376
441,5.17198
442,5.168
443,5.18067
444,5.21658
445,5.24866
446,5.27714
447,5.30227
448,5.32428
449,5.34341
450,5.3599
451,5.36972
452,5.38157
453,5.39142
454,5.39945
455,5.40583
456,5.41074
457,5.41432
458,5.41671
459,5.41805
460,5.41846
461,5.41572
462,5.41458
463,5.41281
464,5.41049
465,5.40774
466,5.40462
467,5.40116
468,5.39742
469,5.39345
470,5.38931
471,5.38304
472,5.37865
473,5.3742
474,5.36973
475,5.36525
476,5.36078
477,5.35634
478,5.35323
479,5.35372
480,5.35316
481,5.34878
482,5.34629
483,5.34289
484,5.33861
485,5.33348
486,5.32751
487,5.32073
488,5.31315
489,5.30824
490,5.30539
491,5.30247
492,5.30006
493,5.29788
494,5.29586
495,5.29401
496,5.29233
497,5.29081
498,5.28945
499,5.28826
500,5.28722
501,5.2847
502,5.28398
503,5.2834
504,5.28297
505,5.28268
506,5.28253
507,5.2825
508,5.28262
509,5.28287
510,5.29146
511,5.30307
512,5.31819
513,5.33335
514,5.34843
515,5.36333
516,5.37795
517,5.39221
518,5.40603
519,5.41935
520,5.43212
521,5.44267
522,5.45421
523,5.46509
524,5.47532
525,5.48487
526,5.49375
527,5.50198
528,5.50956
529,5.51651
530,5.52286
531,5.52412
532,5.52934
533,5.53404
534,5.53825
535,5.54199
536,5.54531
537,5.54822
538,5.55077
539,5.55297
540,5.55486
541,5.55139
542,5.55273
543,5.55384
544,5.55473
545,5.55543
546,5.55596
547,5.55633
548,5.55657
549,5.55669
550,5.55671
551,5.55502
552,5.55487
553,5.55465
554,5.55437
555,5.55404
556,5.55368
557,5.5533
558,5.55289
559,5.55247
560,5.55206
561,5.55113
562,5.55074
563,5.55034
564,5.54994
565,5.54955
566,5.54917
567,5.54879
568,5.54843
569,5.54807
570,5.54773
571,5.54699
572,5.54667
573,5.54637
574,5.54608
575,5.5458
576,5.54552
577,5.54525
578,5.54497
579,5.54468
580,5.54437
581,5.5433
582,5.54293
583,5.5425
584,5.54201
585,5.54144
586,5.54076
587,5.53996
588,5.539
589,5.53787
590,5.53653
591,5.53175
592,5.52989
593,5.52773
594,5.5252
595,5.52224
596,5.51882
597,5.51487
598,5.51032
599,5.50513
600,5.49922
601,5.48735
602,5.47979
603,5.4713
604,5.46528
605,5.46479
606,5.46219
607,5.45754
608,5.4509
609,5.45898
610,5.50432
611,5.54133
612,5.57457
613,5.60175
614,5.62275
615,5.63741
616,5.64549
617,5.64667
618,5.64056
619,5.62671
620,5.60463
621,5.58517
622,5.58626
623,5.58564
624,5.58348
625,5.57996
626,5.57524
627,5.56949
628,5.56291
629,5.55567
630,5.54795
631,5.53889
632,5.53081
633,5.52285
634,5.51513
635,5.50779
636,5.50096
637,5.49473
638,5.48917
639,5.48431
640,5.48013
641,5.47261
642,5.46955
643,5.4668
644,5.46523
645,5.47029
646,5.47434
647,5.47748
648,5.47977
649,5.48132
650,5.48217
651,5.47877
652,5.47849
653,5.47772
654,5.48376
655,5.50135
656,5.51618
657,5.52844
658,5.53836
659,5.5461
660,5.55175
661,5.55306
662,5.5548
663,5.55467
664,5.55267
665,5.54879
666,5.54304
667,5.53531
668,5.52542
669,5.5132
670,5.49846
671,5.4808
672,5.48337
673,5.49572
674,5.50643
675,5.51567
676,5.5236
677,5.53034
678,5.53603
679,5.54079
680,5.54472
681,5.54855
682,5.5511
683,5.55309
684,5.55461
685,5.55569
686,5.55634
687,5.55659
688,5.55646
689,5.55597
690,5.55511
691,5.55128
692,5.54964
693,5.54759
694,5.54506
695,5.54391
696,5.54659
697,5.54905
698,5.55123
699,5.55311
700,5.55466
701,5.57217
702,5.61385
703,5.64478
704,5.66714
705,5.6827
706,5.6928
707,5.69856
708,5.70083
709,5.70027
710,5.7273
711,5.75431
712,5.7791
713,5.79931
714,5.81519
715,5.82697
716,5.83481
717,5.8389
718,5.83935
719,5.83624
720,5.82963
721,5.81664
722,5.80305
723,5.78593
724,5.76522
725,5.74088
726,5.71282
727,5.68091
728,5.64506
729,5.60519
730,5.56124
731,5.53691
732,5.52329
733,5.50773
734,5.49005
735,5.47623
736,5.48113
737,5.4854
738,5.48874
739,5.49082
740,5.49135
741,5.48814
742,5.48474
743,5.47901
744,5.47076
745,5.45981
746,5.45803
747,5.45952
748,5.46112
749,5.46281
750,5.46458
751,5.46403
752,5.46592
753,5.46784
754,5.46977
755,5.47168
756,5.47356
757,5.47537
758,5.47708
759,5.47865
760,5.48005
761,5.4797
762,5.48061
763,5.48119
764,5.48141
765,5.48119
766,5.48049
767,5.47924
768,5.47739
769,5.47487
770,5.4716
771,5.46798
772,5.46301
773,5.45707
774,5.45013
775,5.44208
776,5.43283
777,5.4223
778,5.41039
779,5.39706
780,5.3864
781,5.3871
782,5.38743
783,5.39032
784,5.39572
785,5.40104
786,5.40623
787,5.41123
788,5.41597
789,5.42039
790,5.42439
791,5.42675
792,5.4296
793,5.43169
794,5.43286
795,5.433
796,5.4319
797,5.42931
798,5.42498
799,5.41866
800,5.41003
801,5.39608
802,5.3955
803,5.39897
804,5.40241
805,5.4162
806,5.42951
807,5.43996
808,5.44804
809,5.45414
810,5.45862
811,5.45931
812,5.46139
813,5.46264
814,5.46325
815,5.46332
816,5.46297
817,5.4623
818,5.46137
819,5.46025
820,5.45897
821,5.458
822,5.45752
823,5.46029
824,5.46301
825,5.46569
826,5.46832
827,5.47093
828,5.47353
829,5.47614
830,5.47879
831,5.48509
832,5.48795
833,5.50512
834,5.55126
835,5.59112
836,5.62533
837,5.65451
838,5.67926
839,5.70014
840,5.71765
841,5.73247
842,5.74454
843,5.75448
844,5.7626
845,5.76913
846,5.7743
847,5.77829
848,5.78126
849,5.78334
850,5.78466
851,5.78028
852,5.7803
853,5.77968
854,5.77844
855,5.77656
856,5.77403
857,5.77082
858,5.76687
859,5.76213
860,5.75652
861,5.7458
862,5.73825
863,5.72955
864,5.71963
865,5.70838
866,5.69567
867,5.68137
868,5.6654
869,5.64767
870,5.6281
871,5.60278
872,5.5876
873,5.59077
874,5.59381
875,5.61312
876,5.65044
877,5.68734
878,5.72349
879,5.75864
880,5.79256
881,5.82099
882,5.85194
883,5.88124
884,5.90883
885,5.93466
886,5.95876
887,5.98114
888,6.00185
889,6.02096
890,6.03851
891,6.05291
892,6.06757
893,6.0809
894,6.09301
895,6.10397
896,6.1139
897,6.12288
898,6.13097
899,6.13823
900,6.14475
901,6.14875
902,6.15397
903,6.15862
904,6.16279
905,6.16653
906,6.16984
907,6.17278
908,6.17538
909,5.7052
910,5.7061
911,5.70456
912,5.70235
913,5.69799
914,5.69101
915,5.6808
916,5.66669
917,5.64786
918,6.18738
919,6.18787
920,6.18827
921,6.18946
922,6.18973
923,6.18996
924,6.19017
925,6.19038
926,6.19062
927,6.1909
928,6.19121
929,6.19154
930,6.1919
931,6.19417
932,6.19462
933,6.19514
934,6.19573
935,6.19639
936,6.19714
937,6.19797
938,6.19888
939,6.19989
940,6.20098
941,6.20335
942,6.20462
943,6.20598
944,6.2074
945,6.2089
946,6.2105
947,6.21219
948,6.21391
949,6.21565
950,6.2174
951,6.21774
952,6.21946
953,6.22114
954,6.22277
955,6.22432
956,6.22578
957,6.22714
958,6.22837
959,6.22948
960,6.23044
961,6.22931
962,6.22992
963,6.23034
964,6.23055
965,6.23055
966,6.23033
967,6.22986
968,6.22917
969,6.22824
970,6.2271
971,6.22581
972,6.22423
973,6.22242
974,6.22039
975,6.21816
976,6.21572
977,6.21309
978,6.21028
979,6.20731
980,6.20419
981,6.19781
982,6.19444
983,6.19099
984,6.18748
985,6.1839
986,6.18027
987,6.1766
988,6.17291
989,6.16921
990,6.16552
991,6.15946
992,6.15582
993,6.1522
994,6.14863
995,6.1451
996,6.14162
997,6.13819
998,6.13482
999,6.1315
1000,6.12823
1001,6.11998
1002,6.11681
1003,6.1137
1004,6.11065
1005,6.10764
1006,6.10466
1007,6.10173
1008,6.09886
1009,6.09601
1010,6.09318
1011,6.08646
1012,6.08371
1013,6.08101
1014,6.07833
1015,6.07567
1016,6.07303
1017,6.07042
1018,6.06784
1019,6.0653
1020,6.06279
1021,6.06074
1022,6.0583
1023,6.05588
1024,6.05351
1025,6.05118
1026,6.04888
1027,6.04662
1028,6.04441
1029,6.04224
1030,6.0401
1031,6.04036
1032,6.0383
1033,6.03629
1034,6.03432
1035,6.03238
1036,6.03049
1037,6.02862
1038,6.0268
1039,6.025
1040,6.02325
1041,6.02275
1042,6.02105
1043,6.01939
1044,6.01776
1045,6.01615
1046,6.01458
1047,6.01304
1048,6.01154
1049,6.01008
1050,6.00865
1051,6.00684
1052,6.00547
1053,6.00412
1054,6.00279
1055,6.00148
1056,6.00024
1057,5.99906
1058,5.9979
1059,5.99676
1060,5.99565
1061,5.99424
1062,5.99318
1063,5.99213
1064,6.02079
1065,6.06847
1066,6.10898
1067,6.14283
1068,6.17071
1069,6.19331
1070,6.21135
1071,6.22419
1072,6.23487
1073,6.24269
1074,6.24814
1075,6.25162
1076,6.2535
1077,6.25409
1078,6.25365
1079,6.25243
1080,6.25065
1081,6.24588
1082,6.24344
1083,6.24085
1084,6.23821
1085,6.23561
1086,6.23311
1087,6.23078
1088,6.22864
1089,6.22675
1090,6.22512
1091,6.22221
1092,6.22115
1093,6.22038
1094,6.2199
1095,6.21972
1096,6.21984
1097,6.2202
1098,6.22077
1099,6.22152
1100,6.22243
1101,6.22361
1102,6.22468
1103,6.22573
1104,6.2267
1105,6.2275
1106,6.22803
1107,6.22819
1108,6.22783
1109,6.22681
1110,6.22495
1111,6.22222
1112,6.21793
1113,6.21198
1114,6.204
1115,6.19356
1116,6.18015
1117,6.16316
1118,6.14189
1119,6.11553
1120,6.08316
1121,6.04452
1122,5.99673
1123,5.93962
1124,5.93856
1125,5.93755
1126,5.93658
1127,5.93565
1128,5.93476
1129,5.93391
1130,5.93312
1131,5.93319
1132,5.93254
1133,5.93976
1134,5.95971
1135,5.97601
1136,5.98926
1137,5.99999
1138,6.00862
1139,6.01552
1140,6.02102
1141,6.02397
1142,6.02744
1143,6.0302
1144,6.03239
1145,6.03413
1146,6.03554
1147,6.03675
1148,6.03777
1149,6.03865
1150,6.03944
1151,6.03772
1152,6.03839
1153,6.03898
1154,6.03951
1155,6.03996
1156,6.04032
1157,6.04058
1158,6.0407
1159,6.04061
1160,6.04026
1161,6.03809
1162,6.03696
1163,6.0353
1164,6.03296
1165,6.02981
1166,6.02567
1167,6.02034
1168,6.01358
1169,6.00513
1170,5.99469
1171,5.97998
1172,5.97091
1173,5.97324
1174,5.97559
1175,5.97797
1176,5.98038
1177,5.9828
1178,5.98524
1179,5.98771
1180,5.9902
1181,5.9917
1182,5.99423
1183,5.99677
1184,5.99934
1185,6.00193
1186,6.00457
1187,6.00725
1188,6.00996
1189,6.01268
1190,6.01542
1191,6.01638
1192,6.0192
1193,6.02202
1194,6.02486
1195,6.02771
1196,6.03057
1197,6.03343
1198,6.03631
1199,6.03918
1200,6.04207
1201,6.04346
1202,6.04635
1203,6.04923
1204,6.05212
1205,6.055
1206,6.05788
1207,6.06076
1208,6.06363
1209,6.0665
1210,6.06937
1211,6.0716
1212,6.07447
1213,6.07734
1214,6.08022
1215,6.0831
1216,6.086
1217,6.08891
1218,6.09185
1219,6.09481
1220,6.09781
1221,6.0984
1222,6.10149
1223,6.10465
1224,6.13492
1225,6.16977
1226,6.19763
1227,6.21923
1228,6.23515
1229,6.24578
1230,6.25139
1231,6.25003
1232,6.24576
1233,6.23635
1234,6.22147
1235,6.2006
1236,6.22301
1237,6.2586
1238,6.28826
1239,6.31275
1240,6.33276
1241,6.34841
1242,6.36113
1243,6.37089
1244,6.37797
1245,6.38257
1246,6.38479
1247,6.38468
1248,6.38221
1249,6.37724
1250,6.36959
1251,6.3556
1252,6.34164
1253,6.32391
1254,6.30187
1255,6.28142
1256,6.28853
1257,6.29524
1258,6.3014
1259,6.30685
1260,6.31142
1261,6.31412
1262,6.31625
1263,6.31675
1264,6.3153
1265,6.31154
1266,6.30503
1267,6.29528
1268,6.28176
1269,6.26385
1270,6.24083
1271,6.21476
1272,6.17908
1273,6.13573
1274,6.08372
1275,6.02203
1276,5.94966
1277,5.86563
1278,5.76908
1279,5.65931
1280,5.58378
1281,5.5872
1282,5.58907
1283,5.59096
1284,5.59288
1285,5.59485
1286,5.59688
1287,5.59896
1288,5.6011
1289,5.60534
1290,5.61131
1291,5.61612
1292,5.62129
1293,5.62601
1294,5.63023
1295,5.63391
1296,5.637
1297,5.63948
1298,5.64131
1299,5.64239
1300,5.64267
1301,5.64208
1302,5.64062
1303,5.64133
1304,5.64464
1305,5.65179
1306,5.67462
1307,5.69677
1308,5.718
1309,5.7381
1310,5.75694
1311,5.77661
1312,5.79266
1313,5.80728
1314,5.96983
1315,6.15872
1316,6.30891
1317,6.42658
1318,6.51735
1319,6.58612
1320,6.637
1321,6.67459
1322,6.69897
1323,6.71348
1324,6.71968
1325,6.71878
1326,6.71163
1327,6.69877
1328,6.6806
1329,6.65738
1330,6.62925
1331,6.59622
1332,6.55845
1333,6.51595
1334,6.46884
1335,6.41732
1336,6.36171
1337,6.30246
1338,6.24023
1339,6.1758
1340,6.11017
1341,6.04106
1342,5.97648
1343,5.9143
1344,5.86856
1345,5.86653
1346,5.86456
1347,5.86265
1348,5.86084
1349,5.85916
1350,5.85765
1351,5.85188
1352,5.85083
1353,5.85007
1354,5.84966
1355,5.84962
1356,5.85
1357,5.85083
1358,5.85214
1359,5.85396
1360,5.85632
1361,5.8549
1362,5.85837
1363,5.86242
1364,5.86701
1365,5.87215
1366,5.93313
1367,6.00175
1368,6.07031
1369,6.13764
1370,6.20272
1371,6.26239
1372,6.32068
1373,6.37479
1374,6.42444
1375,6.46947
1376,6.50988
1377,6.54576
1378,6.57728
1379,6.60468
1380,6.62822
1381,6.64706
1382,6.66377
1383,6.6775
1384,6.68855
1385,6.6972
1386,6.7037
1387,6.70834
1388,6.71133
1389,6.71286
1390,6.71312
1391,6.71372
1392,6.71197
1393,6.70939
1394,6.70612
1395,6.70226
1396,6.6979
1397,6.69314
1398,6.68804
1399,6.68268
1400,6.67711
1401,6.67158
1402,6.6658
1403,6.65995
1404,6.65406
1405,6.64815
1406,6.64226
1407,6.6364
1408,6.6306
1409,6.62486
1410,6.6192
1411,6.61524
1412,6.60982
1413,6.60451
1414,6.59933
1415,6.59427
1416,6.58934
1417,6.58454
1418,6.57989
1419,6.57536
1420,6.57095
1421,6.57001
1422,6.56586
1423,6.56183
1424,6.55793
1425,6.55418
1426,6.55058
1427,6.5471
1428,6.54374
1429,6.5405
1430,6.53738
1431,6.53658
1432,6.5337
1433,6.53093
1434,6.52827
1435,6.52573
1436,6.5233
1437,6.52098
1438,6.51881
1439,6.51679
1440,6.51487
1441,6.51199
1442,6.51032
1443,6.5088
1444,6.50742
1445,6.50614
1446,6.50497
1447,6.50391
1448,6.50295
1449,6.5021
1450,6.50136
1451,6.49494
1452,6.49441
1453,6.49398
1454,6.49366
1455,6.49345
1456,6.49335
1457,6.49335
1458,6.49346
1459,6.4937
1460,6.49407
1461,6.48858
1462,6.48918
1463,6.48991
1464,6.49079
1465,6.49181
1466,6.49295
1467,6.49421
1468,6.49559
1469,6.49711
1470,6.49876
1471,6.50192
1472,6.50386
1473,6.50593
1474,6.50813
1475,6.51048
1476,6.51296
1477,6.51559
1478,6.51836
1479,6.5213
1480,6.52442
1481,6.53193
1482,6.53534
1483,6.5389
1484,6.54261
1485,6.54648
1486,6.55054
1487,6.55477
1488,6.55914
1489,6.56365
1490,6.56829
1491,6.57178
1492,6.57671
1493,6.58183
1494,6.58708
1495,6.59243
1496,6.59785
1497,6.60332
1498,6.60883
1499,6.61436
1500,6.61986
1501,6.62222
1502,6.62759
1503,6.63282
1504,6.63791
1505,6.64279
1506,6.64737
1507,6.65158
1508,6.65533
1509,6.65854
1510,6.66114
1511,6.66302
1512,6.664
1513,6.66396
1514,6.66276
1515,6.66021
1516,6.65613
1517,6.65033
1518,6.64258
1519,6.63264
1520,6.62025
1521,6.60713
1522,6.58902
1523,6.56761
1524,6.54258
1525,6.51362
1526,6.48039
1527,6.44261
1528,6.39997
1529,6.35221
1530,6.29911
1531,6.24131
1532,6.17711
1533,6.10731
1534,6.03202
1535,5.95143
1536,5.8752
1537,5.85865
1538,5.84295
1539,5.82828
1540,5.8148
1541,5.80148
1542,5.79087
1543,5.78186
1544,5.7745
1545,5.76881
1546,5.7648
1547,5.76244
1548,5.76167
1549,5.76238
1550,5.76448
1551,5.76494
1552,5.76938
1553,5.77478
1554,5.78097
1555,5.78781
1556,5.79514
1557,5.80285
1558,5.81081
1559,5.81888
1560,5.82696
1561,5.83523
1562,5.84306
1563,5.85067
1564,5.85803
1565,5.86508
1566,5.87175
1567,5.87802
1568,5.88384
1569,5.88921
1570,5.89412
1571,5.89838
1572,5.9023
1573,5.90566
1574,5.90846
1575,5.91067
1576,5.91226
1577,5.91799
1578,5.92278
1579,5.92643
1580,5.92911
1581,5.9301
1582,5.90633
1583,5.90277
1584,5.89837
1585,5.89305
1586,5.88679
1587,5.8796
1588,5.87147
1589,5.86237
1590,5.85229
1591,5.84081
1592,5.82892
1593,5.82036
1594,5.82084
1595,5.82029
1596,5.81883
1597,5.81661
1598,5.81375
1599,5.81039
1600,5.80659
1601,5.80087
1602,5.79648
1603,5.79189
1604,5.78713
1605,5.78222
1606,5.7772
1607,5.77208
1608,5.76688
1609,5.76162
1610,5.75629
1611,5.75159
1612,5.74621
1613,5.74076
1614,5.83969
1615,5.9786
1616,6.09801
1617,6.19913
1618,6.28364
1619,6.35339
1620,6.41024
1621,6.45759
1622,6.49387
1623,6.52212
1624,6.54356
1625,6.55923
1626,6.57005
1627,6.57679
1628,6.58011
1629,6.58052
1630,6.57846
1631,6.57322
1632,6.56737
1633,6.56002
1634,6.55142
1635,6.54174
1636,6.53118
1637,6.51991
1638,6.50811
1639,6.49595
1640,6.4836
1641,6.46816
1642,6.45599
1643,6.44414
1644,6.43277
1645,6.42204
1646,6.4121
1647,6.40308
1648,6.3951
1649,6.38825
1650,6.3826
1651,6.37633
1652,6.37319
1653,6.37129
1654,6.37063
1655,6.37113
1656,6.37268
1657,6.37516
1658,6.37846
1659,6.38245
1660,6.38698
1661,6.39056
1662,6.39579
1663,6.40118
1664,6.40661
1665,6.41198
1666,6.41722
1667,6.42224
1668,6.427
1669,6.43146
1670,6.43556
1671,6.44144
1672,6.44478
1673,6.44773
1674,6.45029
1675,6.45246
1676,6.45428
1677,6.45576
1678,6.45693
1679,6.45781
1680,6.45844
1681,6.46228
1682,6.4625
1683,6.46257
1684,6.46254
1685,6.46244
1686,6.46228
1687,6.4621
1688,6.46194
1689,6.46185
1690,6.46185
1691,6.46172
1692,6.46184
1693,6.46206
1694,6.46239
1695,6.46284
1696,6.46343
1697,6.46417
1698,6.46506
1699,6.46612
1700,6.46735
1701,6.46666
1702,6.46824
1703,6.46999
1704,6.47193
1705,6.47403
1706,6.4763
1707,6.47872
1708,6.48129
1709,6.48399
1710,6.48681
1711,6.48889
1712,6.49192
1713,6.49502
1714,6.4982
1715,6.50142
1716,6.50462
1717,6.5078
1718,6.51092
1719,6.51391
1720,6.51676
1721,6.51891
1722,6.52132
1723,6.52345
1724,6.52525
1725,6.52666
1726,6.52762
1727,6.52807
1728,6.52798
1729,6.52729
1730,6.52597
1731,6.52374
1732,6.521
1733,6.51747
1734,6.5131
1735,6.50786
1736,6.50172
1737,6.49466
1738,6.48668
1739,6.47779
1740,6.46794
1741,6.45725
1742,6.44553
1743,6.43291
1744,6.41942
1745,6.40513
1746,6.39007
1747,6.37432
1748,6.35796
1749,6.34107
1750,6.32373
1751,6.30426
1752,6.28632
1753,6.26823
1754,6.25008
1755,6.23201
1756,6.2141
1757,6.1964
1758,6.17898
1759,6.16191
1760,6.14522
1761,6.12954
1762,6.11374
1763,6.09841
1764,6.08356
1765,6.06912
1766,6.05505
1767,6.0413
1768,6.02781
1769,6.01449
1770,6.00121
1771,5.99087
1772,5.97737
1773,5.9635
1774,5.94907
1775,5.9339
1776,5.91778
1777,5.90046
1778,5.88165
1779,5.86107
1780,5.8384
1781,5.81396
1782,5.78605
1783,5.77938
1784,5.77827
1785,5.85131
1786,5.9527
1787,6.04463
1788,6.12735
1789,6.20126
1790,6.26684
1791,6.32192
1792,6.37239
1793,6.41614
1794,6.45373
1795,6.48566
1796,6.51243
1797,6.53449
1798,6.55225
1799,6.56605
1800,6.57621
1801,6.57933
1802,6.58285
1803,6.58327
1804,6.58064
1805,6.57498
1806,6.56622
1807,6.55421
1808,6.53873
1809,6.51952
1810,6.49624
1811,6.46955
1812,6.43691
1813,6.39892
1814,6.35509
1815,6.30495
1816,6.24811
1817,6.18431
1818,6.11349
1819,6.03585
1820,5.97025
1821,5.96284
1822,5.95855
1823,5.95269
1824,5.94492
1825,5.93487
1826,5.92206
1827,5.90589
1828,5.88569
1829,5.8739
1830,5.89807
1831,5.91436
1832,5.935
1833,5.95418
1834,5.97207
1835,5.9888
1836,6.00448
1837,6.01921
1838,6.03305
1839,6.04606
1840,6.05827
1841,6.07008
1842,6.08079
1843,6.09077
1844,6.10005
1845,6.10863
1846,6.11653
1847,6.12377
1848,6.13037
1849,6.13634
1850,6.14171
1851,6.15047
1852,6.15471
1853,6.15843
1854,6.16166
1855,6.16443
1856,6.16678
1857,6.16873
1858,6.17033
1859,6.17161
1860,6.1726
1861,6.17461
1862,6.17514
1863,6.17552
1864,6.17579
1865,6.17597
1866,6.17608
1867,6.17615
1868,6.17618
1869,6.17622
1870,6.17629
1871,6.17938
1872,6.17958
1873,6.17986
1874,6.18027
1875,6.18081
1876,6.1815
1877,6.18235
1878,6.18339
1879,6.18461
1880,6.18603
1881,6.18835
1882,6.19019
1883,6.19224
1884,6.19451
1885,6.19699
1886,6.19967
1887,6.20254
1888,6.2056
1889,6.20881
1890,6.21216
1891,6.213
1892,6.21652
1893,6.22008
1894,6.2236
1895,6.22704
1896,6.23032
1897,6.23337
1898,6.23607
1899,6.23833
1900,6.24004
1901,6.23783
1902,6.23794
1903,6.23695
1904,6.23464
1905,6.23073
1906,6.22494
1907,6.21693
1908,6.20632
1909,6.19267
1910,6.17549
1911,6.15629
1912,6.13035
1913,6.09906
1914,6.06168
1915,6.01738
1916,5.96526
1917,5.90442
1918,5.83391
1919,5.75283
1920,5.66028
1921,5.5728
1922,5.57315
1923,5.57336
1924,5.57344
1925,5.5734
1926,5.57322
1927,5.57292
1928,5.57249
1929,5.57193
1930,5.57125
1931,5.5816
1932,5.64881
1933,5.70257
1934,5.74498
1935,5.77789
1936,5.8029
1937,5.82134
1938,5.83435
1939,5.84291
1940,5.84781
1941,5.84557
1942,5.84508
1943,5.84264
1944,5.83861
1945,5.83332
1946,5.82702
1947,5.81991
1948,5.81218
1949,5.80396
1950,5.79536
1951,5.78711
1952,5.77807
1953,5.76891
1954,5.75968
1955,5.75047
1956,5.7575
1957,5.76256
1958,5.76516
1959,5.76578
1960,5.76481
1961,5.76456
1962,5.76132
1963,5.75729
1964,5.75267
1965,5.74762
1966,5.74228
1967,5.73677
1968,5.73118
1969,5.72558
1970,5.72006
1971,5.71581
1972,5.71056
1973,5.70555
1974,5.70078
1975,5.69626
1976,5.69201
1977,5.68804
1978,5.68435
1979,5.68096
1980,5.67786
1981,5.6774
1982,5.67491
1983,5.67271
1984,5.67082
1985,5.66922
1986,5.66792
1987,5.6669
1988,5.66615
1989,5.66568
1990,5.66547
1991,5.66728
1992,5.66759
1993,5.66816
1994,5.66893
1995,5.66989
1996,5.67104
1997,5.67233
1998,5.67373
1999,5.67522
2000,5.67678
2001,5.679
2002,5.68059
2003,5.68216
2004,5.68366
2005,5.68509
2006,5.68641
2007,5.68758
2008,5.68858
2009,5.68939
2010,5.68999
2011,5.68839
2012,5.68847
2013,5.68827
2014,5.68776
2015,5.68693
2016,5.68579
2017,5.68431
2018,5.68251
2019,5.6804
2020,5.678
2021,5.67339
2022,5.67034
2023,5.66699
2024,5.66334
2025,5.6594
2026,5.66694
2027,5.69973
2028,5.72913
2029,5.75468
2030,5.77593
2031,5.79276
2032,5.80455
2033,5.81133
2034,5.81303
2035,5.80967
2036,5.80134
2037,5.78824
2038,5.77067
2039,5.749
2040,5.72369
2041,5.70891
2042,5.69538
2043,5.676
2044,5.65031
2045,5.63888
2046,5.70574
2047,5.76814
2048,5.82582
2049,5.87868
2050,5.92672
2051,5.97082
2052,6.00961
2053,6.04404
2054,6.0743
2055,6.10058
2056,6.12308
2057,6.14197
2058,6.1574
2059,6.16946
2060,6.17823
2061,6.18377
2062,6.186
2063,6.1849
2064,6.18034
2065,6.17217
2066,6.16018
2067,6.14413
2068,6.12376
2069,6.09876
2070,6.06879
2071,6.0313
2072,5.99054
2073,5.94407
2074,5.89186
2075,5.83402
2076,5.77092
2077,5.70321
2078,5.64343
2079,5.64389
2080,5.64399
2081,5.64259
2082,5.64201
2083,5.6411
2084,5.63989
2085,5.63841
2086,5.63667
2087,5.63469
2088,5.64138
2089,5.64792
2090,5.67514
2091,5.70661
2092,5.73123
2093,5.75143
2094,5.76777
2095,5.78074
2096,5.79076
2097,5.79818
2098,5.80329
2099,5.80632
2100,5.80748
2101,5.80684
2102,5.80461
2103,5.80083
2104,5.79552
2105,5.78873
2106,5.79704
2107,5.81164
2108,5.82436
2109,5.83529
2110,5.84452
2111,5.85156
2112,5.8575
2113,5.86177
2114,5.86432
2115,5.86507
2116,5.86387
2117,5.86313
2118,5.86875
2119,5.872
2120,5.87298
2121,5.8717
2122,5.86808
2123,5.86193
2124,5.85297
2125,5.8408
2126,5.84913
2127,5.91341
2128,5.96685
2129,6.01094
2130,6.047
2131,6.07738
2132,6.1008
2133,6.11934
2134,6.13379
2135,6.14482
2136,6.15302
2137,6.15891
2138,6.16292
2139,6.16538
2140,6.1666
2141,6.164
2142,6.16344
2143,6.16226
2144,6.16061
2145,6.15859
2146,6.1563
2147,6.1538
2148,6.15118
2149,6.14848
2150,6.14569
2151,6.14622
2152,6.15703
2153,6.16654
2154,6.1748
2155,6.18189
2156,6.18786
2157,6.1928
2158,6.19677
2159,6.1998
2160,6.20783
2161,6.21555
2162,6.22355
2163,6.23056
2164,6.2366
2165,6.24175
2166,6.24606
2167,6.24958
2168,6.25239
2169,6.25458
2170,6.25618
2171,6.25634
2172,6.25683
2173,6.2569
2174,6.25656
2175,6.25583
2176,6.25474
2177,6.25336
2178,6.25172
2179,6.24988
2180,6.24788
2181,6.24689
2182,6.24475
2183,6.24264
2184,6.24056
2185,6.23853
2186,6.23661
2187,6.33344
2188,6.41237
2189,6.47406
2190,6.52057
2191,6.55394
2192,6.57532
2193,6.58621
2194,6.58762
2195,6.58028
2196,6.5647
2197,6.54118
2198,6.50986
2199,6.47071
2200,6.42355
2201,6.3654
2202,6.30144
2203,6.23166
2204,6.23244
2205,6.23306
2206,6.23348
2207,6.23364
2208,6.23349
2209,6.23299
2210,6.2321
2211,6.22911
2212,6.22734
2213,6.2251
2214,6.22239
2215,6.21921
2216,6.21552
2217,6.21133
2218,6.20664
2219,6.20147
2220,6.19585
2221,6.19121
2222,6.18476
2223,6.17798
2224,6.17091
2225,6.16356
2226,6.15598
2227,6.14825
2228,6.14043
2229,6.13252
2230,6.12459
2231,6.12096
2232,6.11308
2233,6.10531
2234,6.09767
2235,6.09019
2236,6.08956
2237,6.09123
2238,6.0925
2239,6.09333
2240,6.09367
2241,6.09744
2242,6.09666
2243,6.09529
2244,6.09327
2245,6.09055
2246,6.0871
2247,6.0829
2248,6.07791
2249,6.07215
2250,6.06561
2251,6.05676
2252,6.0487
2253,6.03994
2254,6.03056
2255,6.02065
2256,6.01032
2257,5.9997
2258,5.99238
2259,5.9906
2260,5.98898
2261,5.9829
2262,5.98151
2263,5.98022
2264,5.97903
2265,5.97795
2266,5.97699
2267,5.97611
2268,5.97533
2269,5.97463
2270,5.97402
2271,5.96882
2272,5.96841
2273,5.96811
2274,5.96789
2275,5.96777
2276,5.96773
2277,5.96778
2278,5.96794
2279,5.96823
2280,5.96864
2281,5.96837
2282,5.96898
2283,5.97048
2284,5.97359
2285,5.97499
2286,5.97438
2287,5.97356
2288,5.9748
2289,5.98067
2290,6.02055
2291,6.05654
2292,6.08646
2293,6.11212
2294,6.13401
2295,6.15255
2296,6.16814
2297,6.18113
2298,6.19186
2299,6.2006
2300,6.20764
2301,6.21501
2302,6.2193
2303,6.2225
2304,6.22478
2305,6.22629
2306,6.22714
2307,6.22743
2308,6.22723
2309,6.22661
2310,6.22563
2311,6.22736
2312,6.22579
2313,6.22398
2314,6.22194
2315,6.21972
2316,6.21733
2317,6.2148
2318,6.21211
2319,6.2092
2320,6.20605
2321,6.20303
2322,6.19939
2323,6.19544
2324,6.19116
2325,6.1865
2326,6.18143
2327,6.17593
2328,6.16998
2329,6.16354
2330,6.15655
2331,6.16315
2332,6.16943
2333,6.17556
2334,6.18149
2335,6.18713
2336,6.19239
2337,6.19717
2338,6.20137
2339,6.20476
2340,6.20712
2341,6.20799
2342,6.20743
2343,6.20487
2344,6.19985
2345,6.1918
2346,6.18008
2347,6.16388
2348,6.14226
2349,6.14079
2350,6.14453
2351,6.14365
2352,6.1405
2353,6.13433
2354,6.1253
2355,6.11359
2356,6.09939
2357,6.08289
2358,6.06431
2359,6.04704
2360,6.06264
2361,6.07707
2362,6.09032
2363,6.10236
2364,6.11318
2365,6.12279
2366,6.13118
2367,6.13836
2368,6.1444
2369,6.14939
2370,6.15332
2371,6.15537
2372,6.15718
2373,6.15798
2374,6.15782
2375,6.15673
2376,6.15477
2377,6.15196
2378,6.14834
2379,6.14393
2380,6.13878
2381,6.13152
2382,6.12496
2383,6.11772
2384,6.10983
2385,6.10758
2386,6.10745
2387,6.10644
2388,6.10474
2389,6.10244
2390,6.09959
2391,6.09538
2392,6.09163
2393,6.08749
2394,6.08297
2395,6.07807
2396,6.0728
2397,6.06713
2398,6.06102
2399,6.05443
2400,6.04729
2401,6.04039
2402,6.03192
2403,6.02265
2404,6.01251
2405,6.00138
2406,5.98906
2407,5.97538
2408,5.96018
2409,5.9433
2410,5.9245
2411,5.90903
2412,5.90389
2413,5.90493
2414,5.90563
2415,5.90601
2416,5.90607
2417,5.90578
2418,5.90515
2419,5.90418
2420,5.90282
2421,5.90131
2422,5.89914
2423,5.89654
2424,5.89346
2425,5.88988
2426,5.88575
2427,5.88104
2428,5.87573
2429,5.86979
2430,5.86318
2431,5.85204
2432,5.84392
2433,5.83497
2434,5.82515
2435,5.81441
2436,5.80271
2437,5.78998
2438,5.77618
2439,5.76126
2440,5.81797
2441,5.8759
2442,5.9303
2443,5.97682
2444,6.01643
2445,6.05
2446,6.07833
2447,6.10214
2448,6.12212
2449,6.13882
2450,6.15272
2451,6.16391
2452,6.17341
2453,6.18123
2454,6.18764
2455,6.19287
2456,6.19711
2457,6.20052
2458,6.20324
2459,6.20535
2460,6.20695
2461,6.21118
2462,6.21188
2463,6.21216
2464,6.21197
2465,6.21129
2466,6.21005
2467,6.20813
2468,6.20543
2469,6.20177
2470,6.19699
2471,6.19174
2472,6.18398
2473,6.17433
2474,6.16243
2475,6.14786
2476,6.13019
2477,6.1089
2478,6.08343
2479,6.05315
2480,6.01742
2481,5.97524
2482,5.92654
2483,5.87032
2484,5.80956
2485,5.80663
2486,5.8036
2487,5.80053
2488,5.79748
2489,5.79456
2490,5.7919
2491,5.78579
2492,5.79546
2493,5.8087
2494,5.82146
2495,5.83376
2496,5.84562
2497,5.85706
2498,5.86809
2499,5.87873
2500,5.889
2501,5.89788
2502,5.90748
2503,5.91677
2504,5.92579
2505,5.93459
2506,5.94316
2507,5.9515
2508,5.95961
2509,5.96753
2510,5.97524
2511,5.98475
2512,5.99207
2513,5.99919
2514,6.00612
2515,6.01285
2516,6.01937
2517,6.02566
2518,6.0317
2519,6.03745
2520,6.04289
2521,6.05346
2522,6.05812
2523,6.06233
2524,6.066
2525,6.069
2526,6.07119
2527,6.07245
2528,6.07261
2529,6.07149
2530,6.06888
2531,6.0662
2532,6.05985
2533,6.05119
2534,6.03987
2535,6.02554
2536,6.0078
2537,5.98621
2538,5.96035
2539,5.9298
2540,5.89413
2541,5.85088
2542,5.80386
2543,5.75081
2544,5.69162
2545,5.62896
2546,5.60641
2547,5.60469
2548,5.60316
2549,5.60181
2550,5.60066
2551,5.59912
2552,5.59841
2553,5.5979
2554,5.61054
2555,5.62931
2556,5.6444
2557,5.65641
2558,5.66583
2559,5.67314
2560,5.67872
2561,5.68458
2562,5.6877
2563,5.68991
2564,5.69142
2565,5.69237
2566,5.6929
2567,5.69311
2568,5.6931
2569,5.69289
2570,5.69251
2571,5.69178
2572,5.69115
2573,5.69044
2574,5.68965
2575,5.68874
2576,5.68771
2577,5.68656
2578,5.68531
2579,5.68395
2580,5.72476
2581,5.79554
2582,5.86087
2583,5.91697
2584,5.96437
2585,6.00368
2586,6.03547
2587,6.06026
2588,6.07854
2589,6.09073
2590,6.09722
2591,6.09708
2592,6.09302
2593,6.08408
2594,6.07927
2595,6.08704
2596,6.09028
2597,6.08979
2598,6.08641
2599,6.08109
2600,6.07478
2601,6.06992
2602,6.06432
2603,6.06034
2604,6.05871
2605,6.06
2606,6.06459
2607,6.07267
2608,6.08424
2609,6.09908
2610,6.11681
2611,6.13844
2612,6.16033
2613,6.18337
2614,6.20692
2615,6.23032
2616,6.253
2617,6.27448
2618,6.29434
2619,6.3123
2620,6.32813
2621,6.34026
2622,6.35148
2623,6.36913
2624,6.39635
2625,6.41922
2626,6.4383
2627,6.45411
2628,6.46708
2629,6.47758
2630,6.48591
2631,6.4929
2632,6.49773
2633,6.50108
2634,6.5031
2635,6.50392
2636,6.50363
2637,6.50231
2638,6.50005
2639,6.49688
2640,6.49285
2641,6.48847
2642,6.48283
2643,6.47644
2644,6.46931
2645,6.46149
2646,6.45302
2647,6.44394
2648,6.43431
2649,6.42421
2650,6.41376
2651,6.41686
2652,6.43148
2653,6.4464
2654,6.46145
2655,6.47646
2656,6.49129
2657,6.50581
2658,6.51991
2659,6.53351
2660,6.54655
2661,6.55558
2662,6.56735
2663,6.57844
2664,6.58885
2665,6.59856
2666,6.60758
2667,6.61591
2668,6.62358
2669,6.6306
2670,6.63693
2671,6.63957
2672,6.64451
2673,6.64872
2674,6.65216
2675,6.6548
2676,6.6566
2677,6.65746
2678,6.65723
2679,6.65577
2680,6.65285
2681,6.64972
2682,6.64308
2683,6.63407
2684,6.62223
2685,6.60699
2686,6.58769
2687,6.56351
2688,6.53346
2689,6.53345
2690,6.53678
2691,6.53733
2692,6.53953
2693,6.54124
2694,6.54253
2695,6.54344
2696,6.54402
2697,6.5443
2698,6.54436
2699,6.54422
2700,6.54392
2701,6.54639
2702,6.54585
2703,6.54526
2704,6.54462
2705,6.54397
2706,6.54333
2707,6.54276
2708,6.54227
2709,6.54185
2710,6.54152
2711,6.54837
2712,6.54825
2713,6.54826
2714,6.54841
2715,6.54871
2716,6.54917
2717,6.5498
2718,6.5506
2719,6.55157
2720,6.55274
2721,6.55788
2722,6.55943
2723,6.56117
2724,6.56312
2725,6.5653
2726,6.56771
2727,6.57032
2728,6.57314
2729,6.57615
2730,6.57936
2731,6.58238
2732,6.58596
2733,6.58972
2734,6.59365
2735,6.59776
2736,6.60203
2737,6.60641
2738,6.61086
2739,6.61537
2740,6.61987
2741,6.62149
2742,6.62585
2743,6.63004
2744,6.63396
2745,6.63752
2746,6.6406
2747,6.64304
2748,6.64468
2749,6.64535
2750,6.64479
2751,6.63729
2752,6.63332
2753,6.62707
2754,6.61808
2755,6.60581
2756,6.5896
2757,6.56871
2758,6.54227
2759,6.5093
2760,6.46868
2761,6.41446
2762,6.35462
2763,6.28298
2764,6.19793
2765,6.09783
2766,5.98106
2767,5.9926
2768,6.03688
2769,6.07959
2770,6.12049
2771,6.15824
2772,6.19489
2773,6.22919
2774,6.26103
2775,6.29033
2776,6.31702
2777,6.34108
2778,6.36249
2779,6.38122
2780,6.39727
2781,6.41231
2782,6.42295
2783,6.43084
2784,6.43593
2785,6.43813
2786,6.43736
2787,6.43347
2788,6.4263
2789,6.41564
2790,6.40124
2791,6.38988
2792,6.44437
2793,6.48966
2794,6.52703
2795,6.5576
2796,6.58238
2797,6.60225
2798,6.61798
2799,6.6302
2800,6.63946
2801,6.64586
2802,6.65054
2803,6.65349
2804,6.65499
2805,6.65529
2806,6.6546
2807,6.6531
2808,6.65092
2809,6.64819
2810,6.64503
2811,6.63634
2812,6.63259
2813,6.62861
2814,6.62446
2815,6.62017
2816,6.61579
2817,6.61133
2818,6.60683
2819,6.6023
2820,6.59777
2821,6.58815
2822,6.58365
2823,6.57918
2824,6.57475
2825,6.57036
2826,6.56604
2827,6.56179
2828,6.55761
2829,6.55348
2830,6.54942
2831,6.5459
2832,6.54197
2833,6.53811
2834,6.53432
2835,6.53061
2836,6.52698
2837,6.52342
2838,6.51994
2839,6.51655
2840,6.51323
2841,6.51589
2842,6.51277
2843,6.50976
2844,6.50687
2845,6.5041
2846,6.50144
2847,6.49886
2848,6.49637
2849,6.49396
2850,6.49163
2851,6.49127
2852,6.48917
2853,6.4872
2854,6.48534
2855,6.48358
2856,6.48188
2857,6.48026
2858,6.4787
2859,6.4772
2860,6.47576
2861,6.47269
2862,6.47137
2863,6.4701
2864,6.46889
2865,6.46772
2866,6.46661
2867,6.46554
2868,6.46452
2869,6.46354
2870,6.4626
2871,6.45454
2872,6.45369
2873,6.45287
2874,6.45209
2875,6.45133
2876,6.45062
2877,6.44993
2878,6.44926
2879,6.44864
2880,6.44805
2881,6.44165
2882,6.44108
2883,6.44052
2884,6.43996
2885,6.4394
2886,6.43882
2887,6.43822
2888,6.43759
2889,6.43692
2890,6.43621
2891,6.4367
2892,6.43587
2893,6.43496
2894,6.43396
2895,6.43286
2896,6.43166
2897,6.43033
2898,6.42886
2899,6.42725
2900,6.42549
2901,6.42708
2902,6.42497
2903,6.42267
2904,6.42016
2905,6.41745
2906,6.41451
2907,6.41135
2908,6.40795
2909,6.40433
2910,6.40046
2911,6.39837
2912,6.39404
2913,6.38948
2914,6.38471
2915,6.37973
2916,6.37456
2917,6.36922
2918,6.36373
2919,6.35811
2920,6.35239
2921,6.34816
2922,6.34239
2923,6.33662
2924,6.33088
2925,6.32522
2926,6.31966
2927,6.31427
2928,6.30908
2929,6.30414
2930,6.29948
2931,6.29653
2932,6.29249
2933,6.28882
2934,6.28549
2935,6.28252
2936,6.27991
2937,6.27768
2938,6.27582
2939,6.27432
2940,6.27317
2941,6.2738
2942,6.2733
2943,6.27309
2944,6.27314
2945,6.27342
2946,6.27391
2947,6.27456
2948,6.27535
2949,6.27625
2950,6.27722
2951,6.27656
2952,6.27757
2953,6.27856
2954,6.27951
2955,6.28038
2956,6.28119
2957,6.28191
2958,6.2825
2959,6.28293
2960,6.2832
2961,6.27879
2962,6.2787
2963,6.27842
2964,6.27794
2965,6.27726
2966,6.27638
2967,6.2753
2968,6.27401
2969,6.27252
2970,6.27084
2971,6.26505
2972,6.26298
2973,6.26073
2974,6.25831
2975,6.25571
2976,6.25296
2977,6.25006
2978,6.24702
2979,6.24383
2980,6.24051
2981,6.23512
2982,6.23156
2983,6.2279
2984,6.22416
2985,6.22036
2986,6.21647
2987,6.2125
2988,6.20847
2989,6.20438
2990,6.20024
2991,6.19647
2992,6.19224
2993,6.18799
2994,6.1837
2995,6.17939
2996,6.17504
2997,6.17068
2998,6.16633
2999,6.16201
3000,6.15768
3001,6.15279
3002,6.14846
3003,6.14414
3004,6.13983
3005,6.13554
3006,6.13129
3007,6.12709
3008,6.12293
3009,6.11883
3010,6.1148
3011,6.10962
3012,6.10567
3013,6.10176
3014,6.09788
3015,6.09403
3016,6.09023
3017,6.08647
3018,6.08275
3019,6.07907
3020,6.07544
3021,6.07221
3022,6.06867
3023,6.06517
3024,6.06173
3025,6.05834
3026,6.05499
3027,6.0517
3028,6.04845
3029,6.04531
3030,6.04227
3031,6.03991
3032,6.03697
3033,6.03411
3034,6.03134
3035,6.02866
3036,6.02806
3037,6.04793
3038,6.06771
3039,6.08723
3040,6.10631
3041,6.12594
3042,6.14352
3043,6.16001
3044,6.17513
3045,6.18858
3046,6.20004
3047,6.20912
3048,6.2154
3049,6.2184
3050,6.21756
3051,6.21485
3052,6.2044
3053,6.18798
3054,6.16474
3055,6.13368
3056,6.09368
3057,6.04356
3058,5.98435
3059,5.98291
3060,5.98151
3061,5.97636
3062,5.97508
3063,5.97688
3064,5.98014
3065,5.98372
3066,5.9876
3067,5.9918
3068,5.99633
3069,6.00121
3070,6.0064
3071,6.00751
3072,6.01332
3073,6.01944
3074,6.02585
3075,6.03256
3076,6.03958
3077,6.04689
3078,6.05445
3079,6.06225
3080,6.07025
3081,6.07822
3082,6.08661
3083,6.0951
3084,6.10364
3085,6.11215
3086,6.12058
3087,6.12885
3088,6.13686
3089,6.14447
3090,6.15154
3091,6.15789
3092,6.16342
3093,6.16784
3094,6.17089
3095,6.17227
3096,6.17164
3097,6.16861
3098,6.16277
3099,6.15362
3100,6.14051
3101,6.12347
3102,6.10039
3103,6.07114
3104,6.03481
3105,5.99044
3106,6.05527
3107,6.15951
3108,6.24764
3109,6.31901
3110,6.37287
3111,6.40962
3112,6.42541
3113,6.41983
3114,6.39073
3115,6.33542
3116,6.25071
3117,6.13299
3118,6.00168
3119,6.00401
3120,6.00618
3121,6.00601
3122,6.00779
3123,6.00922
3124,6.01022
3125,6.01066
3126,6.01037
3127,6.00921
3128,6.00698
3129,6.00347
3130,5.99843
3131,5.98719
3132,5.97816
3133,5.9666
3134,5.97291
3135,6.1875
3136,6.36797
3137,6.51876
3138,6.6442
3139,6.74831
3140,6.83461
3141,6.90481
3142,6.96405
3143,7.01314
3144,7.05385
3145,7.0876
3146,7.11556
3147,7.13867
3148,7.15776
3149,7.17346
3150,7.18628
3151,7.20045
3152,7.20878
3153,7.21536
3154,7.22047
3155,7.22432
3156,7.22713
3157,7.22905
3158,7.23027
3159,7.23091
3160,7.23105
3161,7.23588
3162,7.23526
3163,7.23435
3164,7.2332
3165,7.23181
3166,7.2302
3167,7.22835
3168,7.22622
3169,7.22377
3170,7.22091
3171,7.21866
3172,7.21446
3173,7.20928
3174,7.20283
3175,7.19474
3176,7.18455
3177,7.17169
3178,7.15549
3179,7.13509
3180,7.10947
3181,7.07924
3182,7.03923
3183,6.98952
3184,6.92814
3185,6.85287
3186,6.76125
3187,6.65082
3188,6.51925
3189,6.36473
3190,6.18639
3191,5.98594
3192,5.98033
3193,5.99322
3194,6.00479
3195,6.01516
3196,6.02445
3197,6.03274
3198,6.04013
3199,6.04674
3200,6.05264
3201,6.05427
3202,6.05904
3203,6.06335
3204,6.06728
3205,6.07093
3206,6.07435
3207,6.07758
3208,6.08065
3209,6.08362
3210,6.08652
3211,6.08509
3212,6.088
3213,6.09097
3214,6.09401
3215,6.09712
3216,6.10034
3217,6.10368
3218,6.10715
3219,6.11078
3220,6.11457
3221,6.11866
3222,6.1228
3223,6.12712
3224,6.13162
3225,6.13634
3226,6.14129
3227,6.14645
3228,6.15178
3229,6.15729
3230,6.16295
3231,6.1723
3232,6.1783
3233,6.18439
3234,6.19055
3235,6.19674
3236,6.20294
3237,6.20908
3238,6.21512
3239,6.221
3240,6.22664
3241,6.23284
3242,6.23775
3243,6.24217
3244,6.24598
3245,6.24904
3246,6.25119
3247,6.25229
3248,6.25216
3249,6.25062
3250,6.24749
3251,6.24274
3252,6.23585
3253,6.22679
3254,6.21536
3255,6.20136
3256,6.18459
3257,6.16488
3258,6.14206
3259,6.11606
3260,6.08682
3261,6.05121
3262,6.01546
3263,5.97645
3264,5.93415
3265,5.88844
3266,5.83908
3267,5.7856
3268,5.76174
3269,5.73991
3270,5.71949
3271,5.70707
3272,5.69661
3273,5.68544
3274,5.67353
3275,5.66086
3276,5.65679
3277,5.65936
3278,5.66335
3279,5.66877
3280,5.67562
3281,5.68225
3282,5.69175
3283,5.70243
3284,5.71414
3285,5.72673
3286,5.7421
3287,5.82024
3288,5.88282
3289,5.93206
3290,5.96994
3291,5.99858
3292,6.01847
3293,6.03118
3294,6.0376
3295,6.03836
3296,6.03389
3297,6.02436
3298,6.0098
3299,6.01155
3300,6.05689
3301,6.09698
3302,6.12692
3303,6.1506
3304,6.16882
3305,6.18225
3306,6.19148
3307,6.19699
3308,6.19921
3309,6.19849
3310,6.19516
3311,6.19175
3312,6.18397
3313,6.17431
3314,6.163
3315,6.1503
3316,6.13641
3317,6.12154
3318,6.10593
3319,6.0898
3320,6.07338
3321,6.0559
3322,6.03944
3323,6.02313
3324,6.00698
3325,5.99087
3326,5.97458
3327,5.95772
3328,5.98449
3329,6.00825
3330,6.02846
3331,6.04386
3332,6.05811
3333,6.06988
3334,6.07949
3335,6.0872
3336,6.09323
3337,6.0978
3338,6.10106
3339,6.10316
3340,6.10422
3341,6.10538
3342,6.10458
3343,6.10292
3344,6.10043
3345,6.0971
3346,6.09294
3347,6.0879
3348,6.08195
3349,6.07503
3350,6.06706
3351,6.05913
3352,6.04879
3353,6.03713
3354,6.024
3355,6.03644
3356,6.08342
3357,6.12702
3358,6.16708
3359,6.20348
3360,6.23616
3361,6.2655
3362,6.29077
3363,6.31245
3364,6.33066
3365,6.34553
3366,6.35716
3367,6.36571
3368,6.37131
3369,6.37409
3370,6.37418
3371,6.37077
3372,6.3658
3373,6.35844
3374,6.34875
3375,6.3368
3376,6.32263
3377,6.3063
3378,6.28784
3379,6.26731
3380,6.24475
3381,6.21868
3382,6.19219
3383,6.16384
3384,6.13375
3385,6.10203
3386,6.06885
3387,6.03439
3388,5.99888
3389,5.96257
3390,5.92575
3391,5.88678
3392,5.85179
3393,5.84985
3394,5.84769
3395,5.84533
3396,5.8516
3397,5.85726
3398,5.8619
3399,5.86573
3400,5.86886
3401,5.87401
3402,5.87605
3403,5.87771
3404,5.87902
3405,5.88009
3406,5.88097
3407,5.88167
3408,5.88223
3409,5.88269
3410,5.88308
3411,5.88702
3412,5.88734
3413,5.88768
3414,5.88807
3415,5.88848
3416,5.88892
3417,5.88941
3418,5.88994
3419,5.89053
3420,5.89118
3421,5.8922
3422,5.89302
3423,5.89394
3424,5.89492
3425,5.89596
3426,5.89707
3427,5.89823
3428,5.89944
3429,5.9007
3430,5.90202
3431,5.90137
3432,5.90276
3433,5.90419
3434,5.90565
3435,5.90714
3436,5.92291
3437,5.96778
3438,6.00586
3439,6.03755
3440,6.06327
3441,6.08095
3442,6.09582
3443,6.10571
3444,6.11084
3445,6.11139
3446,6.10744
3447,6.09903
3448,6.08614
3449,6.0687
3450,6.04664
3451,6.01481
3452,5.98308
3453,5.94621
3454,5.92708
3455,5.92813
3456,5.92911
3457,5.93004
3458,5.93094
3459,5.93179
3460,5.9326
3461,5.92896
3462,5.92969
3463,5.93038
3464,5.93106
3465,5.93171
3466,5.93237
3467,5.93303
3468,5.93371
3469,5.93443
3470,5.9352
3471,5.93326
3472,5.93418
3473,5.93517
3474,5.93625
3475,5.93747
3476,5.93884
3477,5.94032
3478,5.94193
3479,5.94366
3480,5.94553
3481,5.95104
3482,5.95315
3483,5.95538
3484,5.95773
3485,5.96018
3486,5.96268
3487,5.96518
3488,5.96768
3489,5.99112
3490,6.14144
3491,6.27524
3492,6.38455
3493,6.47679
3494,6.55409
3495,6.61841
3496,6.67146
3497,6.71469
3498,6.74931
3499,6.77627
3500,6.79629
3501,6.81381
3502,6.82119
3503,6.82246
3504,6.81742
3505,6.8057
3506,6.78666
3507,6.75942
3508,6.72284
3509,6.67556
3510,6.61592
3511,6.54376
3512,6.45359
3513,6.34494
3514,6.21574
3515,6.06421
3516,5.88922
3517,5.84925
3518,5.85231
3519,5.85542
3520,5.85857
3521,5.85987
3522,5.86301
3523,5.86615
3524,5.86925
3525,5.87231
3526,5.87532
3527,5.87826
3528,5.88111
3529,5.88386
3530,5.88648
3531,5.8892
3532,5.89153
3533,5.89368
3534,5.89562
3535,5.89734
3536,5.89884
3537,5.90009
3538,5.90105
3539,5.92326
3540,5.94017
3541,5.95068
3542,5.94788
3543,5.93635
3544,5.91653
3545,5.90094
3546,5.89854
3547,5.89562
3548,5.89217
3549,5.88817
3550,5.88362
3551,5.89213
3552,5.90912
3553,5.92372
3554,5.93617
3555,5.94672
3556,5.95556
3557,5.9646
3558,5.97725
3559,5.98881
3560,5.99929
3561,6.00513
3562,6.01354
3563,6.02095
3564,6.02739
3565,6.03289
3566,6.03748
3567,6.04119
3568,6.04404
3569,6.04607
3570,6.0473
3571,6.04246
3572,6.04219
3573,6.04121
3574,6.03957
3575,6.03731
3576,6.03445
3577,6.03102
3578,6.027
3579,6.02243
3580,6.01731
3581,6.00772
3582,6.0016
3583,5.995
3584,5.98793
3585,5.98042
3586,5.97246
3587,5.96407
3588,5.95525
3589,5.94598
3590,5.93626
3591,5.92407
3592,5.91337
3593,5.90212
3594,5.89481
3595,5.90438
3596,5.9137
3597,5.92276
3598,5.93153
3599,5.94001
3600,5.94819
3601,5.95709
3602,5.96468
3603,5.97197
3604,5.97895
3605,5.98564
3606,5.99203
3607,5.99812
3608,6.00391
3609,6.00941
3610,6.01461
3611,6.02165
3612,6.02626
3613,6.03058
3614,6.03463
3615,6.03842
3616,6.04192
3617,6.04515
3618,6.0481
3619,6.0508
3620,6.05326
3621,6.05685
3622,6.05889
3623,6.06076
3624,6.0625
3625,6.06416
3626,6.06579
3627,6.06745
3628,6.06918
3629,6.07104
3630,6.07308
3631,6.07638
3632,6.079
3633,6.082
3634,6.08544
3635,6.08942
3636,6.09401
3637,6.09924
3638,6.10508
3639,6.11156
3640,6.11863
3641,6.12408
3642,6.13216
3643,6.14064
3644,6.14941
3645,6.15834
3646,6.1673
3647,6.1761
3648,6.18457
3649,6.19249
3650,6.19964
3651,6.20364
3652,6.20854
3653,6.21188
3654,6.21338
3655,6.21271
3656,6.20955
3657,6.20357
3658,6.19442
3659,6.18173
3660,6.16517
3661,6.14389
3662,6.11853
3663,6.08822
3664,6.05267
3665,6.01163
3666,5.96494
3667,5.94524
3668,5.92594
3669,5.90238
3670,5.87387
3671,5.83985
3672,5.79909
3673,5.75088
3674,5.69425
3675,5.62816
3676,5.55158
3677,5.46355
3678,5.40786
3679,5.40311
3680,5.40591
3681,5.40812
3682,5.41076
3683,5.41329
3684,5.41571
3685,5.41802
3686,5.42021
3687,5.43188
3688,5.4477
3689,5.46242
3690,5.47608
3691,5.48726
3692,5.4989
3693,5.50959
3694,5.52325
3695,5.58103
3696,5.63446
3697,5.68325
3698,5.72716
3699,5.76602
3700,5.7997
3701,5.82836
3702,5.8515
3703,5.86936
3704,5.88195
3705,5.88928
3706,5.89135
3707,5.88815
3708,5.87966
3709,5.86581
3710,5.84653
3711,5.8224
3712,5.79199
3713,5.75592
3714,5.71409
3715,5.66645
3716,5.61307
3717,5.55409
3718,5.55931
3719,5.56518
3720,5.57097
3721,5.57545
3722,5.58102
3723,5.58644
3724,5.59172
3725,5.59684
3726,5.60177
3727,5.60649
3728,5.61098
3729,5.61521
3730,5.61917
3731,5.62336
3732,5.62668
3733,5.62964
3734,5.63222
3735,5.6344
3736,5.63616
3737,5.63743
3738,5.63819
3739,5.6384
3740,5.638
3741,5.63718
3742,5.63545
3743,5.633
3744,5.6298
3745,5.6258
3746,5.62099
3747,5.61534
3748,5.60885
3749,5.60151
3750,5.59333
3751,5.58591
3752,5.57616
3753,5.57137
3754,5.57127
3755,5.57072
3756,5.56981
3757,5.56858
3758,5.5671
3759,5.56541
3760,5.56357
3761,5.56402
3762,5.56199
3763,5.55993
3764,5.55784
3765,5.55577
3766,5.56347
3767,5.57813
3768,5.59087
3769,5.60186
3770,5.61129
3771,5.62225
3772,5.62899
3773,5.63455
3774,5.63905
3775,5.64255
3776,5.64513
3777,5.64688
3778,5.64784
3779,5.6481
3780,5.64771
3781,5.64725
3782,5.64574
3783,5.64377
3784,5.64137
3785,5.6386
3786,5.63553
3787,5.6322
3788,5.62867
3789,5.62499
3790,5.62121
3791,5.6179
3792,5.61415
3793,5.61045
3794,5.60685
3795,5.60337
3796,5.60007
3797,5.59695
3798,5.59405
3799,5.59138
3800,5.59551
3801,5.6018
3802,5.60558
3803,5.60911
3804,5.61237
3805,5.62446
3806,5.68128
3807,5.72977
3808,5.77055
3809,5.80431
3810,5.83176
3811,5.85488
3812,5.8717
3813,5.88408
3814,5.89251
3815,5.89741
3816,5.8991
3817,5.89787
3818,5.89394
3819,5.88746
3820,5.87855
3821,5.87414
3822,5.87943
3823,5.88195
3824,5.88171
3825,5.87869
3826,5.87278
3827,5.86385
3828,5.85165
3829,5.83586
3830,5.81607
3831,5.78913
3832,5.7599
3833,5.72501
3834,5.68372
3835,5.63522
3836,5.60175
3837,5.60331
3838,5.60482
3839,5.60628
3840,5.60769
3841,5.60718
3842,5.60842
3843,5.60957
3844,5.61063
3845,5.61157
3846,5.6124
3847,5.61311
3848,5.61369
3849,5.61414
3850,5.61443
3851,5.61369
3852,5.61367
3853,5.61348
3854,5.6131
3855,5.61253
3856,5.61175
3857,5.61076
3858,5.60955
3859,5.6081
3860,5.6064
3861,5.6046
3862,5.60236
3863,5.59983
3864,5.597
3865,5.59386
3866,5.59039
3867,5.58658
3868,5.58241
3869,5.57787
3870,5.57294
3871,5.56705
3872,5.56131
3873,5.55515
3874,5.54854
3875,5.54149
3876,5.534
3877,5.54518
3878,5.55929
3879,5.57218
3880,5.60108
3881,5.62769
3882,5.64663
3883,5.65855
3884,5.66381
3885,5.66274
3886,5.6556
3887,5.6426
3888,5.64544
3889,5.64955
3890,5.65296
3891,5.65511
3892,5.65724
3893,5.65876
3894,5.65972
3895,5.66017
3896,5.66016
3897,5.65972
3898,5.65883
3899,5.65753
3900,5.65584
3901,5.65173
3902,5.64937
3903,5.64671
3904,5.64875
3905,5.67092
3906,5.68755
3907,5.69907
3908,5.70601
3909,5.70895
3910,5.7085
3911,5.70529
3912,5.6999
3913,5.69291
3914,5.68483
3915,5.67612
3916,5.66721
3917,5.65843
3918,5.65008
3919,5.64236
3920,5.63543
3921,5.63167
3922,5.62651
3923,5.62224
3924,5.61881
3925,5.61613
3926,5.61409
3927,5.61257
3928,5.61142
3929,5.61053
3930,5.60978
3931,5.61099
3932,5.61018
3933,5.60921
3934,5.60802
3935,5.60655
3936,5.60474
3937,5.60256
3938,5.6
3939,5.59705
3940,5.5937
3941,5.58924
3942,5.58518
3943,5.58079
3944,5.57608
3945,5.57106
3946,5.56576
3947,5.58613
3948,5.6362
3949,5.67769
3950,5.71191
3951,5.73977
3952,5.76268
3953,5.78121
3954,5.79605
3955,5.80774
3956,5.8167
3957,5.82323
3958,5.82753
3959,5.82973
3960,5.82986
3961,5.82695
3962,5.82268
3963,5.81589
3964,5.80627
3965,5.79338
3966,5.80058
3967,5.82067
3968,5.83584
3969,5.84709
3970,5.85529
3971,5.86133
3972,5.86557
3973,5.86872
3974,5.87127
3975,5.87364
3976,5.87619
3977,5.87923
3978,5.883
3979,5.8877
3980,5.89346
3981,5.90277
3982,5.91095
3983,5.92032
3984,5.93084
3985,5.9424
3986,5.95491
3987,5.9682
3988,5.98212
3989,5.99649
3990,6.01113
3991,6.02719
3992,6.04182
3993,6.05619
3994,6.07016
3995,6.0836
3996,6.09642
3997,6.10849
3998,6.11974
3999,6.13012
